id,title,singer,lyricist,composer,album,year,genre,lyrics,metaphors
63b97f4ccf3844c2d635b7dc,Wisirunu Malpethi,Athula Adikari,Bandula Nanayakkarawasam,Rohana Weerasinghe,Top Sinhala Songs VOL. A (Live),2020,Unknown,"විසිරුනු මල් පෙති දෝතට ගත් කුමරි
ඒ පෙති එක් කර මලක් සොයන බොලඳි
සරදම් නොකරමි ආදරයෙන් කියමි
විසිරුනු පෙති යලි මලක් නොවේ නැගණි

විසිරුනු මල් පෙති දෝතට ගත් කුමරි
ඒ පෙති එක් කර මලක් සොයන බොලඳි
සරදම් නොකරමි ආදරයෙන් කියමි
විසිරුනු පෙති යලි මලක් නොවේ නැගණි

වෙරළ සොයා රළ පෙළ දිව ආවත්
වෙරළට කිසිදා දියඹ දකිනු හැකිදෝ
බඳට පියාපත් යුවලක් ලැබුනත්
අහසේ දෙකලවර නුඹට දිනනු හැකිදෝ

විසිරුනු මල් පෙති දෝතට ගත් කුමරි
ඒ පෙති එක් කර මලක් සොයන බොලඳි
සරදම් නොකරමි ආදරයෙන් කියමි
විසිරුනු පෙති යලි මලක් නොවේ නැගණි

බඹරුන් පසුපස මල් දිව නොගියත්
අවමන් වින්දේ මල් කුලයම නොවෙදෝ
මෙදහම් නුවණින් නුඹ නොදුටුවොතින්
නුඹේ සුසුම් ගිනි බොල් අහසම නොවෙදෝ

විසිරුනු මල් පෙති දෝතට ගත් කුමරි
ඒ පෙති එක් කර මලක් සොයන බොලඳි
සරදම් නොකරමි ආදරයෙන් කියමි
විසිරුනු පෙති යලි මලක් නොවේ නැගණි
","[{'start': 0, 'end': 17, 'metaphor': 'විසිරුනු මල් පෙති', 'explanation': 'ප්\u200dරේමය පිළිබඳව තිබූ විශ්වාසය බිඳුනු තැනක්'}, {'start': 33, 'end': 62, 'metaphor': 'ඒ පෙති එක් කර මලක් සොයන බොලඳි', 'explanation': 'බිඳුනු තැන් එකතු කර පැරණි ජීවිතය ම ගොඩනැගීමට ගන්නා උත්සහයක්'}, {'start': 490, 'end': 496, 'metaphor': 'බඹරුන්', 'explanation': 'පෙම්වතුන් / පිරිමි පාර්ශවය'}, {'start': 503, 'end': 506, 'metaphor': 'මල්', 'explanation': 'ස්ත්\u200dරී පාර්ශවය'}, {'start': 593, 'end': 607, 'metaphor': 'ගිනි බොල් අහසම', 'explanation': 'ජීවිතය විනාශ වීම'}]"
63b9808bcf3844c2d635b7e1,Mage Amal Biso,Sunil Edirisinghe,Rohana Weerasinghe,Rohana Weerasinghe,Top Sinhala Songs VOL. A (Live),2020,Unknown,"මගෙ අමල්බිසෝ දොර හරින්නෙපා
හොඳ පරිස්සමෙන් ඉඳපන්
මම දීපංකරේ ලතැවුලෙන් මෙසේ
උඹ මෝදූකරේ තනියෙන්

මගෙ අමල්බිසෝ දොර හරින්නෙපා
හොඳ පරිස්සමෙන් ඉඳපන්
මම දීපංකරේ ලතැවුලෙන් මෙසේ
උඹ මෝදුකරේ තනියෙන්

යස ඉසුරු අරන් සුදු මහත්තුරුන්
ඒරොප්පෙ ඉඳන් ඇවිදින්
මුදු බැලුම් හෙලයි ලංවෙන්න බලන්
උඹ නොදැක්කා සේ ඉඳපන්

මගෙ අමල්බිසෝ දොර හරින්නෙපා
හොඳ පරිස්සමෙන් ඉඳපන්
මම දීපංකරේ ලතැවුලෙන් මෙසේ
උඹ මෝදුකරේ තනියෙන්

ඇඳ නේක ඇඳුම් සුදු නෝනාවරුන්
ගෙට එබී බලයි හොරැහින්
මගෙ පුංචි එවුන් ටික ළඟට කරන්
උඹ හෝදිසියෙන් ඉඳපන්

මගෙ අමල්බිසෝ දොර හරින්නෙපා
හොඳ පරිස්සමෙන් ඉඳපන්
මම දීපංකරේ ලතැවුලෙන් මෙසේ
උඹ මෝදුකරේ තනියෙන්
","[{'start': 51, 'end': 58, 'metaphor': 'දීපංකරේ', 'explanation': 'පිටරටක / වෙනත් රටක'}, {'start': 77, 'end': 84, 'metaphor': 'මෝදූකරේ', 'explanation': 'දිවයින/ ලංකාව (මුහුද ආසන්න සංචාරක කලාපයක් වගේ වෙන්නත් පුළුවන්)'}]"
63b981adcf3844c2d635b7e4,Obe Susum Pawan Salai,Dayan Witharana,Ravi Siriwardhana,Rohana Weerasinghe,Unknown,Unknown,Unknown,"ඔබෙ සුසුම් පවන් සලයි
මගෙ කොපුල් පිරා වෙලෙයි //
ඔබෙ සෙනෙහස ගොඩ ගලයි....
උනුසුමට මාව තෙමෙයි.....

මා ඔබෙයි ඔබෙම කියයි
ඔබ මගෙද මටම බයයි//
ඔබ සදක් වගේ හැඩයි.....
හෙට අමාවකද සැකයි.....

ඔබ හැගුම්බරව දොඩයි
ඒ වදන් කවිම තමයි//
ඔබ වසන්තයක් වගෙයි....
හෙට ගිමන් කලද සැකයි

ඔබේ සුසුම් පවන් සලයිඔ
මගේ කොපුල් පුරා වෙලෙයිබෙ
ඔබේ සුසුම් පවන් සලයි 
මගේ කොපුල් පුරා වෙලෙයිසෙ
ඔබේ සෙනේහස ගොඩ ගලයි....නෙහ
උණුසුමට මාව තෙමෙයි
","[{'start': 135, 'end': 152, 'metaphor': 'ඔබ සදක් වගේ හැඩයි', 'explanation': 'පෙම්වතියගේ රූපශ්\u200dරීය'}, {'start': 219, 'end': 236, 'metaphor': 'ඔබ වසන්තයක් වගෙයි', 'explanation': 'තම පෙම්වතිය ඔහු\u2063ට ගෙනෙන සතුට'}]"
63b98286cf3844c2d635b7e7,Duwe Numba Mage,Sunil Edirisinghe,Banadara Ahaliyagoda,Rohana Weerasinghe,Unknown,Unknown,Unknown,"දුවේ නුඹ මගෙ ප්රාණයයි
සැබෑ වුණ සුබ සිහිනයයි
සෙනෙහසින් කුලගෙට පිය නගන්නේ
සනුහරේ අභිමානයයි...
දුවේ නුඹ මගෙ ප්රාණයයි
සැබෑ වුණ සුබ සිහිනයයි
සෙනෙහසින් කුලගෙට පිය නගන්නේ
සනුහරේ අභිමානයයි...

මං මලක් ලෙස නුඹ නොහැදුවේ
පෙති හැලී පරවෙන නිසාමයි...
දුක දිනා හිනැහෙන හැටි දුවේ
නුඹ දැන උගත් පාඩම තමයි
මිල මුදල නිල බල යා නොදෙයි...
මිල මුදල නිල බල යා නොදෙයි
කළ හොඳම විතරක් ඉතිරිවෙයි
කළ හොඳම විතරක් ඉතිරිවෙයි...
දුවේ නුඹ මගෙ ප්රාණයයි

සැබෑ වුණ සුබ සිහිනයයි
සෙනෙහසින් කුලගෙට පිය නගන්නේ
සනුහරේ අභිමානයයි...

අප මී මුතුන් මිත්තන් එදා
සිය ලේ කඳුළු දහදිය පුදා...
පරපුරෙන් පරපුරට රැගෙන ආ
ඒ ගෞරවය මගෙ දුව තමා
නුඹ යන්නෙ හිස් දෑතින් නොවේ...
නුඹ යන්නෙ හිස් දෑතින් නොවේ
ගෙනියන්නෙ ඒ අභිමානයයි
ගෙනියන්නෙ ඒ අභිමානයයි...
දුවේ නුඹ මගෙ ප්රාණයයි

සැබෑ වුණ සුබ සිහිනයයි
සෙනෙහසින් කුලගෙට පිය නගන්නේ
සනුහරේ අභිමානයයි...
දුවේ නුඹ මගෙ ප්රාණයයි.....
",[]
63b98372cf3844c2d635b7ea,Monawada Muththe,Rohana Weerasinghe,S Mahinda Thero,Rohana Weerasinghe,Unknown,Unknown,Unknown,"මොනවද මුත්තේ මොකද කරන්නේ
මොකටද ඔබ ඔය බිම හාරන්නේ
ඔබටත් ළමයෝ නොපෙනේ නොසිතමි
අඹ ඇටයක් සිටුවන්නට හාරමි

මොනවද මුත්තේ මොකද කරන්නේ
මොකටද ඔබ ඔය බිම හාරන්නේ
ඔබටත් ළමයෝ නොපෙනේ නොසිතමි
අඹ ඇටයක් සිටුවන්නට හාරමි

දුකසේ සිටුවා අඹ ඇටයක් අද
එක අඹයක්වත් කන්න ලැබේවිද
මම ළමයෝ මින් අඹයක් නොපතමි
යුතුකම පමණක් ඉටුකොට තබනෙමි

තමන්ට නොලැබෙන දේකින් ලෝකෙට
කරන්ට හැකිදේ නොමතේරෙයි මට
පුදුමයි ළමයෝ ඔබෙ ඔය අදහස
හැදුනොත් ඔහොමට

ඔබටම වෙයි දොස
පෙර උන් අය සිටවූ අඹ ගස් වල
ඵලයෙන් අප කවුරුත් ලබනෙමු ඵල
අපෙන් පසුව එන අයටත් එම ඵල

ලැබෙන්ට සැලසුම අපගේ යුතුකම
මේ යුතුකම හොඳ හැටි දැන ගත්තෙමි
ආයුබොවන් මුත්තේ මම යන්නෙමි
අපෙන් පසුව එන අයටත් එම ඵල

ලැබෙන්ට සැලසුම අපගේ යුතුකම
මේ යුතුකම හොඳ හැටි දැන ගත්තෙමි
ආයුබොවන් මුත්තේ මම යන්නෙමි
ආයුබොවන් මුත්තේ මම යන්නෙමි
ආයුබොවන් මුත්තේ මම යන්නෙමි
",[]
63b98410cf3844c2d635b7ed,Unmada Wuu Premadare,"Kamal Addarachchi, Damayanthi Jayasuriya",Unknown,Rohana Weerasinghe,Unknown,Unknown,Unknown,"උන්මාද වූ ප්රේමාදරේ
සමනල වසන්ත යෞවනයේ
සංසාරයේ සුභ ප්රාර්ථනා
ඉඳුනිල් දෙනයන සටහන් වේ

උන්මාද වූ ප්රේමාදරේ
සමනල වසන්ත යෞවනයේ
සංසාරයේ සුභ ප්රාර්ථනා
ඉඳුනිල් දෙනයන සටහන් වේ

රල පෙල කැලඹේ හසගන විලසේ
ලවනත සුදු මුදු පහස ලැබේදෝ
රල පෙල කැලඹේ හසගන විලසේ
ලවනත සුදු මුදු පහස ලැබේදෝ
ඔබ හදවත මා හඳුනාගත් සේ
මා හදවත ඔබ හැඳින ගනීදෝ

සංසාරයේ සුභ ප්රාර්ථනා
ඉඳුනිල් දෙනයන සටහන් වේ
උන්මාද වූ ප්රේමාදරේ
සමනල වසන්ත යෞවනයේ

කිඳුරු කොදෙව්වේ කසුන් කුමාරිකාවී
සයුරු තෙරෙන් සැඟවී ආවාදෝ
කිඳුරු කොදෙව්වේ කසුන් කුමාරිකාවී
සයුරු තෙරෙන් සැඟවී ආවාදෝ
චන්ඩ මාරුතේ ඉන්ද්රකීලයක් වගේ
නොසැලී ඉන්නට වරම් ලැබේදෝ

සංසාරයේ සුභ ප්රාර්ථනා
ඉඳුනිල් දෙනයන සටහන් වේ
උන්මාද වූ ප්රේමාදරේ
සමනල වසන්ත යෞවනයේ

ඉඳුනිල් දෙනයන සටහන් වේ
සමනල වසන්ත යෞවනයේ
ඉඳුනිල් දෙනයන සටහන් වේ
හා-හා-හහා-හා-හහා-හා
හ්ම්-හ්ම්-හ්ම්ම්ම්-හ්ම්-හ්ම්
හ්ම්-හ්ම්-හ්ම්ම්ම්-හ්ම්-හ්ම්
","[{'start': 60, 'end': 73, 'metaphor': 'ඉඳුනිල් දෙනයන', 'explanation': 'ඇස් ඉඳුනිල් නම් මැණිකට සමාන කර ති\u2063බේ. එනම් දෙනුවන්වල ඇති පැහැදිලි සහ අලංකාර බවයි.'}, {'start': 231, 'end': 235, 'metaphor': 'හසගන', 'explanation': 'හසඟන යනු හංස ධේනුවයි. හංස ධේනුවකගේ සුමුදු පහස මෙහිදී බලාපොරොත්තු වෙයි'}, {'start': 527, 'end': 539, 'metaphor': 'ඉන්ද්රකීලයක්', 'explanation': 'නොසැලෙන කණුවකි. බාධක හමුවේ නොසැලෙක ප්\u200dරේමයක් අදහස් කරයි'}]"
63b984a0cf3844c2d635b7f0,Tharuda Nidana Maha Raa,Nanda Malan,Sunil Ariyarathne,Rohana Weerasinghe,Unknown,Unknown,Unknown,"තරුද නිදන මහ රෑ...
නිදමි මහද නිදි නෑ...
මතක පොතේ කඳුළින් කටු ගෑ
කවි කියවෙයි මහ රෑ...

පිණි විසිරෙන විට වටහා ගනු මැන
දෙනෙතින් කඳුළැලි ගළන තරම්...
රෑහි හඬන විට හඳුනා ගනු මැන
රෑ තුන් යාමේ හඬන හැඩුම්...

සුළඟ නොවේ මේ පාවී එන්නේ
කුටියක සිරවී හෙලන සුසුම්...
අතු අග පරවී බිමට වැටෙන්නේ
සමනල යුගයක පිපුණු කුසුම්...
",[]
63b98562cf3844c2d635b7f3,Pudasunaka Nisala Bawa,Dayan Witharana,Suneth Roopasinghe,Rohana Weerasinghe,Unknown,Unknown,Unknown,"පුදසුනක නිසල බව ලද පෙමට තිබුණි නම්
හදවතක නොවෙයි මේ තරම් සුසුම්
මට කියනවාද මට කියනවාද
බැඳි ආදරයට ඇයි දුන්නේ රිදුම්

මල් විලක එලා තිබු මුදු සුවඳ නෙළාගෙන
සැනසිල්ල ළඟින් හිනැහෙන්න ගිහින්
දුක හඬන හැඬුම්
ඔබ දන්නවනම් නෑ දෙන්නේ තැවුල්

සිල් සඳක ප්‍රභා ඇති පෙම් වරම උතුම් ලෙස
පුද දුන්නු බැතින් පණ ගැහෙන තරම්
ලෙන්ගතු සිතකින්
මැන බලනවනම් නෑ ඉන්නේ දුරින්
","[{'start': 115, 'end': 150, 'metaphor': 'මල් විලක එලා තිබු මුදු සුවඳ නෙළාගෙන', 'explanation': 'සිතේ තිබූ අවංක ප්\u200dරේමය'}, {'start': 228, 'end': 256, 'metaphor': 'සිල් සඳක ප්\u200dරභා ඇති පෙම් වරම', 'explanation': 'පිදූ ප්\u200dරේමයේ සෞම්\u200dය බව'}]"
63b9866dcf3844c2d635b7f6,Chandra Mandale Sathapuna Punchi Saviye,Sunil Edirisinghe,Rathna Sri Wijesinghe,Rohana Weerasinghe,Unknown,Unknown,Unknown,"චන්ද්‍ර මණ්ඩලේ සැතපුණ පුංචි සාවියේ
මන්ද කියාපන් නොකියා හැංගිලා ගියේ
පාන නිවුන සේ පාළුයි ලැයිම් කාමරේ
මන්ද නුඹ ගියේ කියපන් පුංචි සාවියේ

ලාබ රත්තරන් දිලිසෙන පාළු වීදියේ
ගෑනු ළමයි පියාඹලා ඉස්සරත් ගියේ
උන්ට සෙයිලමේ මඟතොට පාර වැරදුණේ
අන්න ඒ නිසයි මට දුක රත්තරන් දුවේ

චන්ද්‍ර මණ්ඩලේ සැතපුණ පුංචි සාවියේ
මන්ද කියාපන් නොකියා හැංගිලා ගියේ

මාල බැඳන් සුදු යකඩෙන් රෝස මල් වනේ
මාල ගිරව් ගේ දොරකඩ සිංදු කිව් වෙලේ
හීනෙනුත් හිතුනෙ නෑ මට මොකද කාරණේ
පාර මතක නං තාමත් ගේ ලඟයි දුවේ
",[]
63b98745cf3844c2d635b7fa,Muthu Kuda Ihalana Mal Warusawe,Rohana Weerasinghe,Lucian Bulathsinghala,Rohana Weerasinghe,Unknown,Unknown,Unknown,"මුතු කුඩ ඉහළන මල් වරුසාවේ
උඩ ඉහිලෙන විට වැහිලේනි
එබි බලා රිය කවුළු දොරින්
යට ගිය දවසේ දෑස පියා ඉහිලී

අදුරු ලළා සෙංකඩගල වැස්‌සේ
දිය දහරා පාටයි දේදුනේ
තෙමි තෙමි ආදර මදු වැස්‌සේ
ගිය දෙදනා අද යනවා දෙමන්තලේ

රිය ඇතුලේ උණුසුම ඔබට දිදී
නහවයි මා රිය සක මඩ වතුරේ
නෑ හිත රිදුනේ අදත් එදා සිහිවි
අපේ සබදකම් නෑ රිය සක දන්නේ

කුඩ ඉහළ .....
",[]
63b988accf3844c2d635b7ff,Oba Depa Dowa Bathiyen,Chandralekha Perera,Kularathna Ariyawansha,Rohana Weerasinghe,Unknown,Unknown,Unknown,"ඔබ දෙපා දොවා බැතියෙන්

මා පිදු පැතුම් පියුමන්
පෙති තලා දමා
මලසුනේ හෙළා
මට තබා ගොසින් කදුලැල්
ඔබ දෙපා දොවා බැතියෙන්
මා පිදු පැතුම් පියුමන්
පෙති තලා දමා
මලසුනේ හෙළා
මට තබා ගොසින් කදුලැල්

පුජාසනය අදුරුයි
විමනේ පහන නිමිලා

පුජාසනය අදුරුයි
විමනේ පහන නිමිලා
මා දෑස දුකදුරුවේ
ඔබගේ නමින් යදිනා
ඔබ දෙපා දොවා බැතියෙන්
මා පිදු පැතුම් පියුමන්
පෙති තලා දමා
මලසුනේ හෙළා
මට තබා ගොසින් කදුලැල්

ආයාචනය ඔබටයි

දෙවිඳේ මසිත දරනා
ආයාචනය ඔබටයි
දෙවිඳේ මසිත දරනා.
මේ යාතිකා ගැයුමයි
ඔබගේ සරණ පතනා
ඔබ දෙපා දොවා බැතියෙන්
මා පිදු පැතුම් පියුමන්
පෙති තලා දමා
මලසුනේ හෙළා
මට තබා ගොසින් කදුලැල්
ඔබ දෙපා දොවා බැතියෙන්
මා පිදු පැතුම් පියුමන්
පෙති තලා දමා
මලසුනේ හෙළා
මට තබා ගොසින් කදුලැල්.....
","[{'start': 23, 'end': 58, 'metaphor': 'මා පිදු පැතුම් පියුමන්\nපෙති තලා දමා', 'explanation': 'ඇය බැතියෙන් පිදූ ප්\u200dරේමය හැරදමා යෑම'}]"
63b9895fcf3844c2d635b802,Kolompure Numba Inna Isawwe,Samitha Mudunkotuwa,Karunarathne Jayathilaka,Rohana Weerasinghe,Unknown,Unknown,Unknown,"කොළොම්පුරේ නුඹ ඉන්නා ඉසව්වේ
කිරිල්ලියෝ ඉගිලෙනවලු නිදැල්ලේ
අත වැනුවට නොවැටී මං මුලාවේ
හිත රැඳියන් මගේ සෙනෙහෙ කැදැල්ලේ

කොළොම්පුරේ නුඹ ඉන්නා ඉසව්වේ
කිරිල්ලියෝ ඉගිලෙනවලු නිදැල්ලේ
අත වැනුවට නොවැටී මං මුලාවේ
හිත රැඳියන් මගේ සෙනෙහෙ කැදැල්ලේ

දේදුන්නේ පාට අරන් සේල අඳිනවාලු
ඔමරි හිනා කෝල බැලුම් උහුලන්නට බෑලු
ඈත රටින් ගෙනා පුසුඹ හිත රවටනවාලු
මගෙ රන් කඳ ඒ පුසුඹට රැවටෙන්නේ නෑලු

කොළොම්පුරේ නුඹ ඉන්නා ඉසව්වේ
කිරිල්ලියෝ ඉගිලෙනවලු නිදැල්ලේ
අත වැනුවට නොවැටී මං මුලාවේ
හිත රැඳියන් මගේ සෙනෙහෙ කැදැල්ලේ

වෙල් එළියේ වෑකන්දේ දුව පැන නැටුවාලු
දෙවැට දිගේ යන එනකොට ඉඟි බිඟි පෑවාලු
කොයි දේසේ හිටියත් නුඹ මගෙමයි කීවාලු
මගෙ රන් කඳ මතක නේද අපි දෙන්නා යාලු

කොළොම්පුරේ නුඹ ඉන්නා ඉසව්වේ
කිරිල්ලියෝ ඉගිලෙනවලු නිදැල්ලේ
අත වැනුවට නොවැටී මං මුලාවේ
හිත රැඳියන් මගේ සෙනෙහෙ කැදැල්ලේ
හිත රැඳියන් මගේ සෙනෙහෙ කැදැල්ලේ
හිත රැඳියන් මගේ සෙනෙහෙ කැදැල්ලේ
","[{'start': 28, 'end': 38, 'metaphor': 'කිරිල්ලියෝ', 'explanation': 'නිදැල්ලේ සිටින ස්ත්\u200dරීන්'}]"
63b98c4fcf3844c2d635b825,Wana Siwpaawun,Chandraleka Perera,Sunil Ariyarathne,Rohana Weerasinghe,Unknown,Unknown,Unknown,"වන සිව්පාවුන් වැනි මිනිසුන් මැද

දෙවි දෙවතාවන් වැනි මිනිසුන් ඇත
ඒ දෙවතාවන් දිවුයාංගනාවන්
මනුලෝතලයේ වාසනවන්

වන සිව්පාවුන් වැනි මිනිසුන් මැද
දෙවි දෙවතාවන් වැනි මිනිසුන් ඇත
ඒ දෙවතාවන් දිවුයාංගනාවන්
මනුලෝතලයේ වාසනවන්

වල්මත් වුවන් දැක මහ වන මැද

යායුතු මාවත පෙන්වා
ඒ දෙස බලමින් සැනසෙන මිනිසුන්
ඉටුදෙවියන් ලොව සිටිනා

වන සිව්පාවුන් වැනි මිනිසුන් මැද

දෙවි දෙවතාවන් වැනි මිනිසුන් ඇත
ඒ දෙවතාවන් දිවුයාංගනාවන්
මනුලෝතලයේ වාසනවන්

කදුලු සලන්නන් කදුලින් ගොඩගෙන
මුවගේ හසරැලි රදවා
තුටු කදුලින්නෙත සරසන දෙවියන්
පුද දෙමු දෙවොලට කැදවා

වන සිව්පාවුන් වැනි මිනිසුන් මැද

දෙවි දෙවතාවන් වැනි මිනිසුන් ඇත
ඒ දෙවතාවන් දිවුයාංගනාවන්
මනුලෝතලයේ වාසනවන්

වන සිව්පාවුන් වැනි මිනිසුන් මැද
දෙවි දෙවතාවන් වැනි මිනිසුන් ඇත
ඒ දෙවතාවන් දිවුයාංගනාවන්
මනුලෝතලයේ වාසනවන්
","[{'start': 0, 'end': 13, 'metaphor': 'වන සිව්පාවුන්', 'explanation': 'මනුෂ්\u200dය ගති නැති මිනිසුන්'}, {'start': 33, 'end': 46, 'metaphor': 'දෙවි දෙවතාවන්', 'explanation': 'යහපත් ගති ඇති සැමට යහපත පතන මිනිසුන්'}, {'start': 215, 'end': 227, 'metaphor': 'වල්මත් වුවන්', 'explanation': 'නිවැරදි මාවතක් නොදැන , ජීවිත අරමුණක් නැතිව සිටින්නන්'}]"
63b98cbccf3844c2d635b82b,Meka Sonduru Lokayak,Harshana Disanayaka,Somarathna Disanayaka,Rohana Weerasinghe,Unknown,Unknown,Unknown,"මේක සොදුරු ලෝකයක්
සතුටු සිනා පිරුණු සාදයක්...//
මහතුනේ රැගෙන යන්න ඉන් බිදක්
මහතුනේ රැගෙන යන්න ඉන් බිදක්

ඇසට කදුළු එපා සොදුරු දසුන් බොදවී යාවී
ලයට සුසුම් එපා සෙනෙහේ පැතුම් පිටවී යාවී
මහතුනේ අපි නටමු ගයමු වයමු හිනාවී
අපි නටමු ගයමු වයමු හිනාවී

මේක සොදුරු.....

සුරලොකෙන් ඇදී සුර සැප අස නිබද හමාවී
පෙර පිනකින් අපේ මෙහෙම ලොවක උපත ලබාවී
මහතුනේ අපි නටමු ගයමු වයමු හිනාවී
අපි නටමු ගයමු වයමු හිනාවී

මේක සොදුරු.....
",[]
63b98e00cf3844c2d635b82e,Premaye Mandahasini,Karunarathna Divulgane,Kularathne Ariyawansha,Rohana Weerasinghe,Unknown,Unknown,Unknown,"ප්‍රේමයේ මන්දහාසිනී
යෞවනේ සිහින සාදනී
නීල නයන නිල් දියේ
සීත නලින නිම්නයේ
පාව යයි, සුන්දරයි ජීවිතේ
ප්රේප්‍රේමයේ මන්දහාසිනී…

තාරකා නිවා දමන්න නෙත් කැළුම් විදා
මා සිතේ විඩා නිවන්න පෙම් පවන් සළා
තාරකා නිවා දමන්න නෙත් කැළුම් විදා
මා සිතේ විඩා නිවන්න පෙම් පවන් සළා
සඳත් වසන් වෙලා, රැයත් මුදුන් කළා
සඳත් වසන් වෙලා, රැයත් මුදුන් කළා
පාව යයි, සුන්දරයි ජීවිතේ
ප්‍රේමයේ මන්දහාසිනී…

මාලතී වනේ රැඳෙම් ද මල් යහන් තලා
මී විතේ අමා පුරම් ද රත් ලවන් පෙරා
මාලතී වනේ රැඳෙම් ද මල් යහන් තලා
මීවිතේ අමා පුරම් ද රත් ලවන් පෙරා
සුසුම් පවන් ගලා, හැඟුම් දියත් කළා
සුසුම් පවන් ගලා, හැඟුම් දියත් කළා
පාව යයි, සුන්දරයි ජීවිතේ

ප්‍රේමයේ මන්දහාසිනී
යෞවනේ සිහින සාදනී
නීල නයන නිල් දියේ
සීත නලින නිම්නයේ
පාව යයි, සුන්දරයි ජීවිතේ
ප්‍රේමයේ මන්දහාසිනී…
","[{'start': 0, 'end': 19, 'metaphor': 'ප්\u200dරේමයේ මන්දහාසිනී', 'explanation': 'ප්\u200dරේමණීය මුදු සිනහවක් හිමිකර දුන්නී'}, {'start': 38, 'end': 55, 'metaphor': 'නීල නයන නිල් දියේ', 'explanation': 'නිල් දිය මෙන් පිවිතුරු දෙනුවන් '}, {'start': 373, 'end': 382, 'metaphor': 'මාලතී වනේ', 'explanation': 'ඉද්ද මල් වනය'}, {'start': 405, 'end': 438, 'metaphor': 'මී විතේ අමා පුරම් ද රත් ලවන් පෙරා', 'explanation': 'රත් පැහැති  ලවන් සිපගැනීම'}]"
63b98eb0cf3844c2d635b831,Dalwu Pahan,"Lakshman Wijesekara, Chandralekha Perera",Sunil Ariyarathna,Rohana Weerasinghe,Unknown,Unknown,Unknown,"දැල්වු පහන් දැල්වී තිබේවා
සුන් වු පැතුම්.. දළු ලා වැඩේවා
ළං වූ ලවන් හමු වී තිබේවා
වෙන් වූ නුවන් කඳුලින් මිදේවා

විරහී හදින් ගලන දුක් වේදනාවන්
සිහිලැල් පවන් රැල්ලකින් සංසිඳේවා
නොබිදී නිර්මල ප්‍රාර්ථනාවන්
පෙම්වත් ලොවක් අරුණු අහසේ දිසේවා

දැල්වු පහන් දැල්වී තිබේවා
සුන් වු පැතුම්.. දළු ලා වැඩේවා
ළං වූ ලවන් හමු වී තිබේවා
වෙන් වූ නුවන් කඳුලින් මිදේවා

ආ....ආ...ආ
ආ....ආ....ආ
ආ....ආ...ආ
ආ....ආ....ආ
",[]
63b99123cf3844c2d635b834,Bimbarak Senaga,Gunadasa Kapuge,Rathna Sri Wijesinghe,Gunadasa Kapuge,Unknown,Unknown,Unknown,"බිම්බරක් සෙනඟ ගැවසුන

චන්ද්‍ර සූර්යා ඉපදුන
ස්වර්ණ භූමියේ මනරම් මාලිගාව කෝ..
යුද්දෙකට ඇවිත් රුපුසෙන්
සත් මුහුදු මතින් ගුවනින්
කම්බි වටකළේ මනරම් මාලිගාව දෝ..
මාලිගාව දෝ..

ට්‍රැක්ටරේ යකඩ ගජසෙන්

කුංච නාදයෙන් ඇලලුණ
වෘක්ෂ දේවතාවන් බිම වැටී පන ගසයි..
මිනී මල් පිපුණු සීතල
නිම්න භූමියේ ඇටක‍ටු
හතර රියන් කඩ අහිමිව විලාපය නඟයි
විලාපය නඟයි..

බිම්බරක් සෙනඟ ගැවසුන

චන්ද්‍ර සූර්යා ඉපදුන
ස්වර්ණ භූමියේ මනරම් මාලිගාව කෝ..
යුද්දෙකට ඇවිත් රුපුසෙන්
සත් මුහුදු මතින් ගුවනින්
කම්බි වටකළේ මනරම් මාලිගාව දෝ..
මාලිගාව දෝ..

කැලෑ මල් පිපී රතු තොල්
වලින් කෑ ගසා ඉල්ලන
ජාතියේ නිධානයෙ රන් රුවන් කරඬු කොයි
වෑ කන්ද කඩා බිම් ක‍ටු කම්බියෙන් බෙදා
මේ රණ බිමේ හිස ගසා දමනා කඩුව බිම දමව්..
කඩුව බිම දමව්..

බිම්බරක් සෙනඟ ගැවසුන

චන්ද්‍ර සූර්යා ඉපදුන
ස්වර්ණ භූමියේ මනරම් මාලිගාව කෝ..
යුද්දෙකට ඇවිත් රුපුසෙන්
සත් මුහුදු මතින් ගුවනින්
කම්බි වටකළේ මනරම් මාලිගාව දෝ..
මාලිගාව දෝ..
","[{'start': 212, 'end': 226, 'metaphor': 'වෘක්ෂ දේවතාවන්', 'explanation': 'මහා විශාල ගස්'}, {'start': 504, 'end': 526, 'metaphor': 'කැලෑ මල් පිපී රතු තොල්', 'explanation': 'ජනතා වියුක්තිය පෙරමුණ  / සමාජවාදී කණ්ඩායම '}, {'start': 546, 'end': 560, 'metaphor': 'ජාතියේ නිධානයෙ', 'explanation': 'සමාජවාදී කණ්ඩායම් ඉල්ලන සාධාරන සමාජය? '}, {'start': 718, 'end': 731, 'metaphor': 'ස්වර්ණ භූමියේ', 'explanation': 'ගොවියා හා පොළොව අතර ඇති අවියෝජනයීය බැම්මත් ඔහු පොළොවට දක්වන අනර්ඝතා හැඟීමත් හකුලා දක්වන්නකි.'}]"
63b99312cf3844c2d635b837,Chandra Mandale (Punchi Saviye),Sunil Edirisinghe,Rathna Sri Wijesinghe,Rohana Weerasinghe,Unknown,Unknown,Unknown,"චන්ද්ර මණ්ඩලේ සැතපුන පුංචි සාවියේ
මන්ද කියාපන් නොකියා හැංගිලා ගියේ
පාන නිවුන සේ පාළුයි ලැයිම් කාමරේ
මන්ද නුඹ ගියේ කියපන් පුංචි සාවියේ

ලාබ රත්තරන් දිලිසෙන පාළු වීදියේ
ගෑනු ළමයි පියාඹලා ඉස්සරත් ගියේ
උන්ට සෙයිලමේ මග තොට පාර වැරදුනේ
අන්න ඒ නිසයි මට දුක රත්තරන් දුවේ

චන්ද්ර මණ්ඩලේ සැතපුන පුංචි සාවියේ
මන්ද කියාපන් නොකියා හැංගිලා ගියේ

මාල බැදන් සුදු යකඩින් රෝස මල් වනේ
මාල ගිරව් ගේ දොරකඩ සින්දු කිව් වෙලේ
හීනෙනුත් හිතුනේ නෑ මට මොකද කාරනේ
පාර මතක නම් තාමත් ගේ ලඟයි දුවේ

චන්ද්ර මණ්ඩලේ සැතපුන පුංචි සාවියේ
මන්ද කියාපන් නොකියා හැංගිලා ගියේ
පාන නිවුන සේ පාළුයි ලැයිම් කාමරේ
මන්ද නුඹ ගියේ කියපන් පුංචි සාවියේ
","[{'start': 21, 'end': 33, 'metaphor': 'පුංචි සාවියේ', 'explanation': 'තම දියණිය'}, {'start': 67, 'end': 86, 'metaphor': 'පාන නිවුන සේ පාළුයි', 'explanation': 'තමන්ගේ දියණිය ගිය පසු නවාතැනේ ඇති අන්ධකාරය/ පාලුව\n'}, {'start': 135, 'end': 166, 'metaphor': 'ලාබ රත්තරන් දිලිසෙන පාළු වීදියේ', 'explanation': 'දියණිය තෝරාගත් රැවටිලිකාර මාවත'}, {'start': 332, 'end': 353, 'metaphor': 'මාල බැදන් සුදු යකඩින්', 'explanation': 'දියණිය තෝරාගත් ජිවිතයේ සැඟව ඇති බොරුව'}]"
63b994f3cf3844c2d635b83a,Sanda Hadu Didi,Chandana Liayanaarachchi,Rathna Sri Wijesinghe,Rohana Weerasinghe,Unknown,Unknown,Unknown,"සඳ හාදු දිදී වළාකුලට සේද යහනතේ

නිල් තාරකා කුමාරියන්ගෙ ප්‍රේම විජිතයේ
සඳ හාදු දිදී වළාකුලට සේද යහනතේ
නිල් තාරකා කුමාරියන්ගෙ ප්‍රේම විජිතයේ
නුඹ තාම නිදිද
නුඹ තාම නිදිද
කඩුපුල් මල් දේවතාවියේ

මල් මාලතී ලතා මඩුල්ල නෙතු පියා හිඳී
මුදු මල් ගැබේ යහන් තුරුල්ල භෘංගයින්ට දී
කට කොනින්වත් හිනා නොවීම දේවතා නිදී

සඳ හාදු දිදී වළාකුලට සේද යහනතේ

නිල් තාරකා කුමාරියන්ගෙ ප්‍රේම විජිතයේ
නුඹ තාම නිදිද
නුඹ තාම නිදිද
කඩුපුල් මල් දේවතාවියේ

විල් තලේ රිදී රැල් නැගේවි රංගනේ යෙදී
මුදු මන්දහාස දී පිපේවි සොඳුරු කෞමදී
මට තනියි මගේ හිත පාළුයි නුඹ තවම නිදී

සඳ හාදු දිදී වළාකුලට සේද යහනතේ

නිල් තාරකා කුමාරියන්ගෙ ප්‍රේම විජිතයේ
සඳ හාදු දිදී වළාකුලට සේද යහනතේ
නිල් තාරකා කුමාරියන්ගෙ ප්‍රේම විජිතයේ
නුඹ තාම නිදිද
නුඹ තාම නිදිද
කඩුපුල් මල් දේවතාවියේ
","[{'start': 400, 'end': 421, 'metaphor': 'කඩුපුල් මල් දේවතාවියේ', 'explanation': 'තම යහනේ නිදා සිටින බිරිඳ'}, {'start': 190, 'end': 199, 'metaphor': 'මල් මාලතී', 'explanation': 'ස්ත්\u200dරී අවයවයකට උපමා කර ඇත. '}, {'start': 253, 'end': 262, 'metaphor': 'භෘංගයින්ට', 'explanation': 'මී මැස්සෝ '}]"
63b9979dcf3844c2d635b840,Lenchina Mage Nangiye,Sunil Edirisinghe,Rathna Sri Wijesinghe,Rohana Weerasinghe,Unknown,Unknown,Unknown,"ලෙන්චිනා මගෙ නංගියේ ඇයි
ගංතෙරට වී ගොම්මනේ
ලෙන්චිනා මගෙ නංගියේ ඇයි
ගංතෙරට වී ගොම්මනේ

පෙත්තරේ ලඟ පැන් තොටේ ගම්මානයේ පව් සෝදනා

රත්තරන් වී කළු වලාකුළු

චන්ද්‍රයා සේ පායලා
ලෙන්චිනා ඇති වැඩ කලා දැන්
ගෙදර යං කළුවර වුණා

ලෙන්චිනා මගෙ නංගියේ ඇයි

ගංතෙරට වී ගොම්මනේ
ලෙන්චිනා මගෙ නංගියේ ඇයි
ගංතෙරට වී ගොම්මනේ

පින්වතුන් කැල ඇන්ද සළුපිලි

සේදුවා නුඹ සේදුවා
තාම නෑ කිලි කුණු ගිහින් ඒ
කිම්ද නොදැනේ කාරණා
සේදිලා පරිශුද්ධ වීමෙන්
යුග දෑත් නුඹෙ බබලනා

ලෙන්චිනා මගෙ නංගියේ ඇයි

ගංතෙරට වී ගොම්මනේ
ලෙන්චිනා මගෙ නංගියේ ඇයි
ගංතෙරට වී ගොම්මනේ
","[{'start': 0, 'end': 8, 'metaphor': 'ලෙන්චිනා', 'explanation': 'අන්\u200dය ආගමික කුලයෙන් වෙනස් යුවතියක්'}, {'start': 34, 'end': 41, 'metaphor': 'ගොම්මනේ', 'explanation': 'කරුවල වැටෙන සවස් වරුව '}, {'start': 320, 'end': 327, 'metaphor': 'සළුපිලි', 'explanation': 'රෙදි පිළි '}]"
63b99c6fcf3844c2d635b84c,Sinhala Sindu Kiyana,Gunadasa Kapuge,Rathna Sri Wijesinghe,Gunadasa Kapuge,Unknown,Unknown,Unknown,"සිංහල සිංදු කියන

නළලේ තිලක තියන කිරිල්ලියේ...
තුඩින් හදවතක් අරගෙන
ගිණිගත් තල් අරඹට ආවාදෝ... ඉගිල්ලී...

සිංහල සිංදු කියන

නළලේ තිලක තියන කිරිල්ලියේ...
තුඩින් හදවතක් අරගෙන
ගිණිගත් තල් අරඹට ආවාදෝ... ඉගිල්ලී...

දිව නුහුරු බසින් පෙම් කවි කී
කුරුල්ලාට වශී...වී..

ගිනි මලින් තැනූ මල් පොකුරක්
අතට ගත්ත මනාලී...
මධුසමේ මධුර කටු අතරේ
පිපී වැනුන සුරූපී...

සිංහල සිංදු කියන

නළලේ තිලක තියන කිරිල්ලියේ...

තුඩින් හදවතක් අරගෙන
ගිණිගත් තල් අරඹට ආවාදෝ ඉගිල්ලී...
","[{'start': 67, 'end': 83, 'metaphor': 'ගිණිගත් තල් අරඹට', 'explanation': 'යුද්ධ සමයේ උතුරු ප්\u200dරදේශය'}, {'start': 261, 'end': 306, 'metaphor': 'ගිනි මලින් තැනූ මල් පොකුරක්\nඅතට ගත්ත මනාලී...', 'explanation': 'ජාති - ආගම් යුධ ගැටුම් සමයක් තුළ අනෙක් ආගමිකයෙක් සමඟ පෙමින් වෙලීම'}]"
63b99d3ecf3844c2d635b851,Sudu Ath Powwek,Nirosha Virajini,Bandula Nanayakkarawasam,Rohana Weerasinghe,Unknown,Unknown,Unknown,"සුදු ඇත් පොව්වෙක් සුදු පියුම හොඩින් ගෙන
පැදකුණු නොකලත් සිරි යහනේ
පෙරුම් පුරා මා කුසට පැමිණි බිළිදු
මට රජ පැටියෙක්..

හංකිති කවමින් කුස තුල සක්මන් කරනා

නුඹ දඟයෙකු වේදැයි නිකමට මෙන්
මට සිතෙනා
පැටියෝ......
නුඹ දුවක උනත් මට පුතෙකු උනත් නුඹේ
හිස පලඳන්නේ වෙනසක් නැති එක
ආදරයයි ආදරයයි ආදරයයි ....
හ්ම්ම්ම් හ්ම්ම්............

හ්ම්ම් ...හ්ම්ම්ම්...
කුස තුල දැරුවේ මතු බුදු වන පැතුමන් නෑ

ලේ කිරි කර පෙවු යැයි උදම් අනන්නට රිසි නෑ
පැටියෝ......
නුඹ දුවක උනත් මට පුතෙකු උනත් උනත් මා
නුඹට පුදන්නේ සැබෑව දිදුලන
ජීවිතයයි ජීවිතයයි ජීවිතයයි ..

සුදු ඇත් පොව්වෙක් සුදු පියුම හොඩින් ගෙන
පැදකුණු නොකලත් සිරි යහනේ
පෙරුම් පුරා මා කුසට පැමිණි බිළිදු
මට රජ පැටියෙක්..
",[]
63b99ddfcf3844c2d635b854,Iren Handen,Harshana Disanayake,Somarathne Disanayake,Rohana Weerasinghe,Unknown,Unknown,Unknown,"හෝ... හෝ... හෝ... හෝ...

ඉරෙන් හඳෙන්... එළිය අරන්...

ගහෙන් වැලෙන්.... සුවඳ අරන්....
ඇලෙන් දොලෙන්... සිසිල අරන්....
අපට සැදුනු අපේ ලෝකයේ....
සතුටු වෙන්න එන්න යාලුවේ....
අපට සැදුනු අපේ ලෝකයේ....
සතුටු වෙන්න එන්න යාලුවේ....

හෝ... හෝ... හෝ... හෝ...

සමනල තටු... සිඳින්නෙපා..

පාට මැකී යයි දේදුන්නේ...
ගහවැල සිඳ... දමන්නෙපා..
පොළොව දැවී යයි ඉර ගින්නේ....
අපට සැදුනු අපේ ලෝකයේ...
සතුට සදා රකිමු යාලුවේ...
අපට සැදුනු අපේ ලෝකයේ...
සතුට සදා රකිමු යාලුවේ...

ඉරෙන් හඳෙන්... එළිය අරන්...
ගහෙන් වැලෙන්.... සුවඳ අරන්....
ඇලෙන් දොලෙන්... සිසිල අරන්....
අපට සැදුනු අපේ ලෝකයේ....
සතුටු වෙන්න එන්න යාලුවේ....
අපට සැදුනු අපේ ලෝකයේ....
සතුටු වෙන්න එන්න යාලුවේ....

හෙයි.. හෙයි.. හෙයි.. හෙයි..

හෙයි.. හෙයි.. හෙයි.. හෙයි

හෝ... හෝ... හෝ... හෝ....

නටා ගයන බටිති මලිත්තෝ...

අපා දෙපා සිව්පා ඇත්තෝ..
ඉරේ හඳේ ගහේ වැලේ...
අපි වගේම උරුමය ඇත්තෝ...
අපට සැදුනු අපේ ලෝකයේ...
සතුට බෙදා ගනිමු යාළුවේ...
අපට සැදුනු අපේ ලෝකයේ...
සතුට බෙදා ගනිමු යාළුවේ....

ඉරෙන් හඳෙන්... එළිය අරන්...
ගහෙන් වැලෙන්.... සුවඳ අරන්....
ඇලෙන් දොලෙන්... සිසිල අරන්....
අපට සැදුනු අපේ ලෝකයේ....
සතුටු වෙන්න එන්න යාලුවේ....
අපට සැදුනු අපේ ලෝකයේ....
සතුට සදා රකිමු යාලුවේ....
අපට සැදුනු අපේ ලෝකයේ....
සතුටු වෙන්න එන්න යාලුවේ....
අපට සැදුනු අපේ ලෝකයේ....
සතුට සදා රකිමු යාලුවේ....
",[]
63b99e74cf3844c2d635b857,Manaloli Manamaliye,"Rookantha, Chandralekha",Hemasiri Halpita,Rohana Weerasinghe,Unknown,Unknown,Unknown,"මනලෝලි මනමාලියේ
ඔය දෑසේ කැල්මන් හෙලා
මාගේ දෑතේ දැවටී ආවේ
පවසන්නදෝ ආදරේ

කවදා හෝ සංසාරයේ
එක් වීලා අතිනත් වෙලා
ආවා වාගේ ඔබ මේ ආවේ
පවසාලා ප්රේමාදරේ

මුව මදහාසේ ඔබ මට පෑවේ
විහිදා පෙම් ආරාධනේ
ඉඟියෙන් වාගේ රහසින් කීවේ
සැනසීමයි මේ ජීවිතේ

ඔබ හිනැහේවී
පුන්සඳ වාගේ
පායාලා මාගේ ලොවේ

මනලෝලි මනමාලියේ
ඔය දෑසේ කැල්මන් හෙලා
ආවා වාගේ ඔබ මේ ආවේ
පවසාලා ප්රේමාදරේ

ඇයිදෝ නොහැඟේ ලෙන්ගතු වූයේ
ඔබ මා ලංවීලා මෙසේ
ලතැවුල් ජීවේ සංසිඳ වූයේ
දෙනෙතේ දල්වාලා සෙනේ

ඔබ සුව ගේනා
සුවඳක් වාගේ
පාවේවී මාගේ ලොවේ

මනලෝලි මනමාලියේ
ඔය දෑසේ කැල්මන් හෙලා
මාගේ දෑතේ දැවටී ආවේ
පවසන්නදෝ ආදරේ

කවදා හෝ සංසාරයේ
එක් වීලා අතිනත් වෙලා
ආවා වාගේ ඔබ මේ ආවේ
පවසාලා ප්රේමාදරේ
","[{'start': 0, 'end': 15, 'metaphor': 'මනලෝලි මනමාලියේ', 'explanation': 'මනමාලකම් පෙන්වන කාන්තාව'}, {'start': 187, 'end': 199, 'metaphor': 'ඉඟියෙන් වාගේ', 'explanation': 'වචනයෙන් නොකියා ඉඟි බිඟි පෑම'}, {'start': 244, 'end': 255, 'metaphor': 'පුන්සඳ වාගේ', 'explanation': 'ඇයගේ සිනහවෙන් සිත සතුටු වන තරම'}]"
63b99f1ccf3844c2d635b85a,Sathara Waram Devi Maha Raja,Amaradewa W D,Rathna Sri Wijesinghe,Amaradewa W D,Unknown,Unknown,Unknown,"සතර වරම් දෙවි මහරජ

සතර අතින් ඇවිදින්
පිරිත් පැන් ඉසිති පුතුනේ
පුවක් මල් කිනිත්තෙන් //


පළා පෙති බැඳන් ගෙල වට
හංස පියාපත් සලමින //

නුඹේ පා යටින්

සඳකඩ පහණ පායලා
බ්‍රහස්පතී තාරකාව
මුදුන් වී සරත් නුබ ගැබ

ස්වර්ණමාලි මහ සෑ අග

කොත් පලන්දලා //

සතර වරම් දෙවි මහරජ

සතර අතින් ඇවිදින්
පිරිත් පැන් ඉසිති පුතුනේ

පුවක් මල් කිනිත්තෙන්

කලා වැව් දියේ උත්පල
නෙලා ගෙනැ ඇඟිලි පොකුරට //

අප්සරාවියන් ලෙන් දොර
බලා හිඳිනවා
වළාහක දෙවිඳු
ඉසිවර ඇසින් බල බලා පුතු දෙස

ඉසුරුමුණි විහාරය ළඟ
අන්න හිඳිනවා //

සතර වරම් දෙවි මහරජ

සතර අතින් ඇවිදින්
පිරිත් පැන් ඉසිති පුතුනේ

පුවක් මල් කිනිත්තෙන්
","[{'start': 376, 'end': 387, 'metaphor': 'අප්සරාවියන්', 'explanation': 'සුන්දර කාන්තාවන් '}, {'start': 422, 'end': 434, 'metaphor': 'ඉසිවර ඇසින් ', 'explanation': 'කාරුණික ලෙස බලමින්'}]"
63b9a0fecf3844c2d635b869,Konda Kirilliye,Karunarathna Diulgane,Karunarathna Divulgane,Rohana Weerasinghe,Unknown,Unknown,Unknown,"කොණ්ඩ කිරිල්ලියේ

කවුද නුබේ ප්‍රේමවන්තයා
කොණ්ඩෙ කපනවාද
කොණ්ඩෙ බදිනවාද
කොණ්ඩෙ කපනවාද බදිනවාද
කියාපන් එයා..
කොණ්ඩ කිරිල්ලියේ ...
කවුද නුබේ ප්‍රේමවන්තයා
කොණ්ඩෙ කපනවාද
කොණ්ඩෙ බදිනවාද
කොණ්ඩෙ කපනවාද බදිනවාද
කියාපන් එයා
කොණ්ඩ කිරිල්ලියේ ...

රංචු ඉලන්දාරි කල්ලි ගැහී බෝවිටියා සොයා

පුංචි කට රතු කර සිංදු එහෙම කියනවාද එයා..
පුංචි කට රතු කර සිංදු එහෙම කියනවාද එයා
රංචු ඉලන්දාරි කල්ලි ගැහී බෝවිටියා සොයා..
කොණ්ඩ කිරිල්ලියේ..

කවුද නුබේ ප්‍රේමවන්තයා

කොණ්ඩෙ කපනවාද
කොණ්ඩෙ බදිනවාද
කොණ්ඩෙ කපනවාද බදිනවාද
කියාපන් එයා
කොණ්ඩ කිරිල්ලියේ ...

ඔන්න කියන්නෙපා කිරිල්ලියේ

නොකිව්වාය කියා
ඔය ලෙන්ගතුකම් බෑ දෑවැදි ඉල්ලුවොතින් එයා
ඔය ලෙන්ගතුකම් බෑ දෑවැදි ඉල්ලුවොතින් එයා
ඔන්න කියන්නෙපා කිරිල්ලියේ
නොකිව්වාය කියා..
කොණ්ඩ කිරිල්ලියේ
කවුද නුබේ ප්‍රේමවන්තයා
කොණ්ඩෙ කපනවාද
කොණ්ඩෙ බදිනවාද
කොණ්ඩෙ කපනවාද බදිනවාද

කියාපන් එයා
කොණ්ඩ කිරිල්ලියේ ...
","[{'start': 0, 'end': 17, 'metaphor': 'කොණ්ඩ කිරිල්ලියේ\n', 'explanation': 'දිගු වරළසක් හිමි යුවතිය '}, {'start': 355, 'end': 368, 'metaphor': 'රංචු ඉලන්දාරි', 'explanation': ' තරුණ පිරිමින් '}, {'start': 369, 'end': 374, 'metaphor': 'කල්ලි', 'explanation': 'කණ්ඩායම'}]"
63b9a1f9cf3844c2d635b86c,Ahasai Oba Mata,"Sunil Edirisinghe, Deepika Priyadarshani",Bandula Nanayakkarawasam,Rohana Weerasinghe,Unknown,Unknown,Unknown,"අහසයි ඔබ මට නිම් හිම් නොපෙනෙන

ඉනිමං බදිනු බැරී
පොලොවයි ඔබ මට තරුවක් විලසට
රෑ කල පතිත වෙමී
අහසයි ඔබ මට නිම් හිම් නොපෙනෙන
ඉනිමං බදිනු බැරී
පොලොවයි ඔබ මට තරුවක් විලසට
රෑ කල පතිත වෙමී

ගගේ වතුර නෑ ඉහලට ගලා ගියේ

අසිනි හඩින් නෑ කදු බිම් සසල් වුනේ
ගග කවදා හෝ මුව දොර හමු වෙනවා
ලොව කැළබුණදා කදු බිම් හැකිලෙනවා

අහසයි ඔබ මට නිම් හිම් නොපෙනෙන

ඉනිමං බදිනු බැරී
පොලොවයි ඔබ මට තරුවක් විලසට
රෑ කල පතිත වෙමී

අනාථ සයුරක වැහි දිය දෝත ඔබයි
අගාද අදුරක දුල රන් සිලුව ඔබයි
ඔබ මට ලග බව ඉදුරා මම දනිමී
ඔබ වට කහවණු පවුරට මහ දුරකී

අහසයි ඔබ මට නිම් හිම් නොපෙනෙන

ඉනිමං බදිනු බැරී
පොලොවයි ඔබ මට තරුවක් විලසට
රෑ කල පතිත වෙමී
අහසයි ඔබ මට නිම් හිම් නොපෙනෙන
ඉනිමං බදිනු බැරී
පොලොවයි ඔබ මට තරුවක් විලසට

රෑ කල පතිත වෙමී
","[{'start': 397, 'end': 425, 'metaphor': 'අනාථ සයුරක වැහි දිය දෝත ඔබයි', 'explanation': 'තමන්ගේ වියලුනු  ජීවිතයට සිසිලස ගෙන ඒම '}, {'start': 426, 'end': 455, 'metaphor': 'අගාද අදුරක දුල රන් සිලුව ඔබයි', 'explanation': 'තම අඳුරු ජීවිතයට ආලෝකය රැගෙන යාම'}]"
63b9a32fcf3844c2d635b86f,Suwanda Thiya,Chandana Liyanarachchi,Rathna Sri Wijesinghe,Rohana Weerasinghe,Unknown,Unknown,Unknown,"සුවඳ තියා මා ලඟ ඔබ අරන් යන්න මල්

නෙත නිලුපුල් වත රතුපුල්
නෙතනිලුපුල් වත රතුපුල්
කොඳ කැකුලු සිනහා මල්
සුවඳ තියා මා ලඟ ඔබ අරන් යන්න මල්
නෙත නිලුපුල් වත රතුපුල්
නෙතනිලුපුල් වත රතුපුල්
කොඳ කැකුලු සිනහා මල්

මේ අහස යටම කොතැනක හෝ ඔබ ඉන්නවනම්

මම ඉන්නම් ඒ සුවඳ තියන් යලි ඔබ එනකන්
මේ අහස යටම කොතැනක හෝ ඔබ ඉන්නවනම්
මම ඉන්නම් ඒ සුවඳ තියන් යලි ඔබ එනකන්
සුවඳ තියා මා ලඟ ඔබ අරන් යන්න මල්
නෙත නිලුපුල් වත රතුපුල්
නෙතනිලුපුල් වත රතුපුල්
කොඳ කැකුලු සිනහා මල්

රජ සිටු මැතිවරු මිලට අරන් වසන්ත සළුපිල්

මට කියන්න ඔබ හැර කොයින්ද මිල නොකැලකි මල්
රජ සිටු මැතිවරු මිලට අරන් වසන්ත සළුපිල්
මට කියන්න ඔබ හැර කොයින්ද මිල නොකැලකි මල්
සුවඳ තියා මා ලඟ ඔබ අරන් යන්න මල්
නෙත නිලුපුල් වත රතුපුල්
නෙතනිලුපුල් වත රතුපුල්
කොඳ කැකුලු සිනහා මල්
සුවඳ තියා මා ලඟ ඔබ අරන් යන්න මල්
නෙත නිලුපුල් වත රතුපුල්
නෙතනිලුපුල් වත රතුපුල්
කොඳ කැකුලු සිනහා මල්
","[{'start': 511, 'end': 526, 'metaphor': 'මිල නොකැලකි මල්', 'explanation': 'වටිනාකම කියා නිමකල නොහැකි ස්ත්\u200dරිය'}]"
63b9a434cf3844c2d635b875,Pana Mada Kadithi,Sunil Edirisinghe,Mahinda Chandrasekara,Rohana Weerasinghe,Unknown,Unknown,Unknown,"පැන මඩ කඩිති වැවු තාවුලු වැහි කාලේ

පෙන්වා මග නොමග නොවැටී යන තාලේ

සිප් කිරි පෙවූ මූසිලයින් උඩු මාලේ
අපෙ ගුරුතුමා යයි තාමත් ඉස්කොලේ

සාමා අමර විකුණති බස් පොලේ කජු
කුමාරෝද පිටු දන්දෙති එයින් මතු
උගත මනා ශිල්පය පිල් කඩ නොපැතූ
වේවැල වටා ඉකිබිද දඩුවමක් පැතූ

රන්මසු පට පිලී අභරණ උරණ වෙලා
සමන් පිච්ච කැකුලිය ගෙයි මිලින වෙලා
ගුරු නිවහනේ කදුලට උල්පතක් වෙලා
ලොකු හාමිනේ ඇත බිතු සිතුවමක් වෙලා

පැන මඩ කඩිති වැවු තාවුලු වැහි කාලේ

පෙන්වා මග නොමග නොවැටී යන තාලේ

සිප් කිරි පෙවූ මූසිලයින් උඩු මාලේ
අපෙ ගුරුතුමා යයි තාමත් ඉස්කොලේ
","[{'start': 67, 'end': 91, 'metaphor': 'සිප් කිරි පෙවූ මූසිලයින්', 'explanation': 'ගුරුවරයාගෙන් ඉගෙනගත් ගුරුවරයාට ඉහළට ගිය , කලගුණ නොදත් දරුවන්'}]"
63b9a535cf3844c2d635b878,Yamu Sella Katharagam,Karunarathna Divulgane,Rathna Sri Wijesinghe Songs,Gunadasa Kapuge,Andara Yaye,Unknown,Unknown,"යමු සෙල්ල කතරගම්

ඔබ එන්න යනවා නම්
කඳ කුමාරයා වල්ලිට පෙම් බැන්ද කතරගම
යමු සෙල්ල කතරගම්
ඔබ එන්න යනවා නම්
කඳ කුමාරයා වල්ලිට පෙම් බැන්ද කතරගම

ආනන්ද සරෝජා - රාමන් අනුරාධා
ආනන්ද සරෝජා - රාමන් අනුරාධා
නාන තොටේ මැණික් ගඟේ දෙවි කරුණාවයි
හාදු දිදී ගඟ නොබෙදී එකට ගලා යයි
යමු සෙල්ල කතරගම්
ඔබ එන්න යනවා නම්

කඳ කුමාරයා වල්ලිට පෙම් බැන්ද කතරගම
යමු සෙල්ල කතරගම්
ඔබ එන්න යනවා නම්
කඳ කුමාරයා වල්ලිට පෙම් බැන්ද කතරගම

මේ සාධුකාරයයි - සංගීත සාදයයි
මේ සාධුකාරයයි - සංගීත සාදයයි
හාද වෙලා සාද විඳින එකම වෙලාවයි
පාද සළඹ දෑත වළලු එකට හිනාවෙයි
යමු සෙල්ල කතරගම්
ඔබ එන්න යනවා නම්
කඳ කුමාරයා වල්ලිට පෙම් බැන්ද කතරගම

යමු සෙල්ල කතරගම්
ඔබ එන්න යනවා නම්
කඳ කුමාරයා වල්ලිට පෙම් බැන්ද කතරගම
","[{'start': 35, 'end': 45, 'metaphor': 'කඳ කුමාරයා', 'explanation': 'කතරගම දෙවියන් '}, {'start': 46, 'end': 52, 'metaphor': 'වල්ලිට', 'explanation': 'කතරගම දෙවියන්ගේ බිරිඳ  / වල්ලි මැණිය '}]"
63b9a64fcf3844c2d635b87e,Pura Poya Hadata Pemin,Sunil Edirisinghe,Sunil R Gamage,H M Jayawardana,Unknown,Unknown,Unknown,"පුර පෝය හඳට පෙමින් බැඳුනු තාරකා ලඳුන්
ගී හඬින් කියන පෙම් කතාව අසාගෙන වරෙන්
නීල වළාවෙි…..
ඇගෙ පෙම් කතාව අසාගෙන වරෙන්
පුර පෝය හඳට පෙමින් බැඳුනු තාරකා ලඳුන්
ගී හඬින් කියන පෙම් කතාව අසාගෙන වරෙන්
නීල වළාවෙි…..
ඇගෙ පෙම් කතාව අසාගෙන වරෙන්
මුතු මාල පොටක් ගෙලේ බඳින දා..
සිත කෝල සිතුම් එබී බලන දා…
රෑ නින්ද නැතිව හීන දුටුව දා….
හිත ආදරයක බැඳුනිද මන්දා
පුර පෝය හඳට පෙමින් බැඳුනු තාරකා ලඳුන්
ගී හඬින් කියන පෙම් කතාව අසාගෙන වරෙන්
නීල වළාවෙි…..
ඇගෙ පෙම් කතාව අසාගෙන වරෙන්
රන් තොරණ බැඳී මග සරසන දා..
හද රබන් සුරල් හඬින් වැයෙන දා…
නෑ හිත මිතුරන් සිනා පුරන දා….
හිත ආදරයක බැඳුනිද මන්දා
පුර පෝය හඳට පෙමින් බැඳුනු තාරකා ලඳුන්
ගී හඬින් කියන පෙම් කතාව අසාගෙන වරෙන්
නීල වළාවෙි…..

ඇගෙ පෙම් කතාව අසාගෙන වරෙන්
පුර පෝය හඳට පෙමින් බැඳුනු තාරකා ලඳුන්
ගී හඬින් කියන පෙම් කතාව අසාගෙන වරෙන්
නීල වළාවෙි…..
ඇගෙ පෙම් කතාව අසාගෙන වරෙන්
",[]
63b9a732cf3844c2d635b884,Sonduru Atheethaye Nimala Pathuma Wee,T M Jayarathna,Malani Jayarathna,Rohana Weerasinghe,Unknown,Unknown,Unknown,"සොඳුරු අතීතයේ නිමල පැතුම වී...
මගෙ හද තුල ඔබ ඉන්න ඇති...
ඒ හින්දා යලි සෙනෙහෙ සිතින් අපි...
ආදරයෙන් හමුවෙන්න ඇති...

සොඳුරු අතීතයේ නිමල පැතුම වී...
මගෙ හද තුල ඔබ ඉන්න ඇති...
ඒ හින්දා යලි සෙනෙහෙ සිතින් අපි...
ආදරයෙන් හමුවෙන්න ඇති...

කඳුළු සුසුම් මැද සතුටු සිනා මැද...
භවය පුරා ලඟ ඉන්න ඇති..
එදත් මගේ සිත අද මෙන් කැපවී...
ඔබේ නමට පුද දෙන්න ඇති...

සොඳුරු අතීතයේ නිමල පැතුම වී...
මගෙ හද තුල ඔබ ඉන්න ඇති...
ඒ හින්දා යලි සෙනෙහෙ සිතින් අපි...
ආදරයෙන් හමුවෙන්න ඇති...

නොසැලී නොතැවී බාධක හමුවේ...
ආ හින්දා ජය ගන්න ඇති...
ආත්ම ගණනේ පුරුදු ලෙසින් අපි...
මේ අයුරින් හමුවෙන්න ඇති...

සොඳුරු අතීතයේ නිමල පැතුම වී...
මගෙ හද තුල ඔබ ඉන්න ඇති...
ඒ හින්දා යලි සෙනෙහෙ සිතින් අපි...
ආදරයෙන් හමුවෙන්න ඇති...

සොඳුරු අතීතයේ නිමල පැතුම වී...
මගෙ හද තුල ඔබ ඉන්න ඇති...
ඒ හින්දා යලි සෙනෙහෙ සිතින් අපි...
ආදරයෙන් හමුවෙන්න ඇති...
",[]
63b9a7eecf3844c2d635b887,Siripade Wandawanna,Niranjala Sarojini,Rathna Sri Wijesinghe,Gunadasa Kapuge,Unknown,Unknown,Unknown,"සිරීපාදෙ වන්දවන්න

ඉසඔලියල් බැඳලා
සිරිමාබෝසාමිණි මට
පිරිමි පුතෙක් නැතුවා
කිරි ආහර පූජාවට
අලුත් සහල් පුදලා...
සිරිමාබෝසාමිණි මම
පිරිමි පුතෙක් පැතුවා..

ඇතෙක් වගේ තනිමංසල

බයක් නැතුව යන්නයි..
පොතක් වගේ සතරදිගට
පෙනෙන්න බැබලෙන්නයි
සිරිමාබෝසාමිණි මට
පිරිමි පුතෙක් දෙන්නයි
සිරීපාදෙ වන්දවන්න
ඉසඔලියල් බැඳලා
සිරිමාබෝසාමිණි මට
පිරිමි පුතෙක් නැතුවා
කිරි ආහර පූජාවට
අලුත් සහල් පුදලා...
සිරිමාබෝසාමිණි මම
පිරිමි පුතෙක් පැතුවා..

ගෑනු අපට සංසාරේ

බර හෑල්ලු වෙන්නයි..
වී අහුලන කුරුලු කොබෙයි
පෙරහැර කරවන්නයි
සිරිමාබෝසාමිණි මට
පිරිමි පුතෙක් දෙන්නයි
සිරීපාදෙ වන්දවන්න
ඉසඔලියල් බැඳලා
සිරිමාබෝසාමිණි මට
පිරිමි පුතෙක් නැතුවා
කිරි ආහර පූජාවට
අලුත් සහල් පුදලා...
සිරිමාබෝසාමිණි මම
පිරිමි පුතෙක් පැතුවා..
සිරිමාබෝසාමිණි මම
පිරිමි පුතෙක් පැතුවා..
සිරිමාබෝසාමිණි මම
පිරිමි පුතෙක් පැතුවා..
","[{'start': 19, 'end': 33, 'metaphor': 'ඉසඔලියල් බැඳලා', 'explanation': 'සිරිපාදේ වඳින්න යනවිට කන් පෙති වැහෙන්න බදින රෙද්ද.'}, {'start': 151, 'end': 156, 'metaphor': 'ඇතෙක්', 'explanation': 'තේජවන්ත ගති ඇති '}, {'start': 454, 'end': 476, 'metaphor': 'වී අහුලන කුරුලු කොබෙයි', 'explanation': 'සශ්\u200dරීකත්වය ඇති / හේන් ගොවිතැන් වැඩ රුසියන්'}]"
63b9a888cf3844c2d635b88d,Pipi Kusuma,Unknown,Somarathne Disanayake,Rohana Weerasinghe,Unknown,Unknown,Unknown,"පිපී කුසුම වදුලු සිඹිමින්
තුරු සිරස ලපලු අතරින්
පිපී කුසුම වදුලු සිඹිමින්
තුරු සිරස ලපලු අතරින්
එන ලහිරු කිරණ මෙතරම්
සොදුරු නැත රජ මැදුරු වල නම්
සොදුරු නැත රජ මැදුරු වල නම්
 
නද සමග අනෙක සියතුන්
දිය පහස සිසිල විදිමින්
මද පවන හමන දසතින්
සොදුරු නැත රජ මැදුරුවලනම්
සොදුරු නැත රජ මැදුරුවලනම්
 
රජ මැදුර සිපිරි ගෙයකී
ගම සොදුරු තිදසපුරකි
මෙම සුවය නොවිදි පෙරදී
ලැබුම මගෙ සසර පෙර පිනකී
ලැබුම මගෙ සසර පෙර පිනකී..
පිපී කුසුම වදුලු සිඹිමින්
තුරු සිරස ලපලු අතරින්
පිපී කුසුම වදුලු සිඹිමින්
තුරු සිරස ලපලු අතරින්
එන ලහිරු කිරණ මෙතරම්
සොදුරු නැත රජ මැදුරු වල නම්
සොදුරු නැත රජ මැදුරු වල නම්
",[]
63b9a91acf3844c2d635b890,Minisa Suwandai Mala Se,Sunil Edirisinghe,Kumaradasa Saputhanthri,Rohana Weerasinghe,Unknown,Unknown,Unknown,"මිනිසා සුවඳයි මල සේ...

නුවණින් එළියයි හිරු සේ...
පරවී වැටිලා...
ඒ හිරු මල මේ දෙරණේ......
මිනිසා සුවඳයි මල සේ...
නුවණින් එළියයි හිරු සේ...
පරවී වැටිලා...
ඒ හිරු මල මේ දෙරණේ......

පොලවේ උරුමේ කියමින්...
බිලිදී විහිගුම් ගුණදම්..
දහසින් මියෙනා සටනින්..
අඟලේ හිමිකම් සොයමින්....

ලොව නහවා සෝ කඳුලින්..
සැනහේ.. ජය පැන් පුරමින්....

මිනිසා සුවඳයි මල සේ...

නුවණින් එළියයි හිරු සේ...
පරවී වැටිලා...
ඒ හිරු මල මේ දෙරණේ......

උණු ලේ විස වී සිරුරේ..
ඉසුරන් ගැටෙනා අතරේ...
ගිනි මල් පිපිලා අහසේ..
ඇවිලේ ගිනිදැල් සයුරේ...
සා පවසින් ඉකි බිඳිනා..
සුසුමෙන් යදියන් හෙලනා.....

මිනිසා සුවඳයි මල සේ...

නුවණින් එළියයි හිරු සේ...
පරවී වැටිලා...
ඒ හිරු මල මේ දෙරණේ......
","[{'start': 0, 'end': 22, 'metaphor': 'මිනිසා සුවඳයි මල සේ...', 'explanation': 'මිනිසා සතුව ඇති ගුණ යහපත් ගති'}, {'start': 24, 'end': 46, 'metaphor': 'නුවණින් එළියයි හිරු සේ', 'explanation': 'මිනිසෙක් සතුව ඇති ඥාණාන්විත බව'}]"
63b9a9dccf3844c2d635b893,Pinna Male,Edward Jayakody,Unknown,Rohana Weerasinghe,Unknown,Unknown,Unknown,"පින්න මලේ සුද ඇන්න ගිහින්වද

මුහුණ පුරා පෙම් පිරිලා
ඉන්න එපා උඹ හැන්දෑකරේ දොර
කන්ද කපා හඳ ගෙට එන්නා
පින්න මලේ සුද ඇන්න ගිහින්වද
මුහුණ පුරා පෙම් පිරිලා
ඉන්න එපා උඹ හැන්දෑකරේ දොර
කන්ද කපා හඳ ගෙට එන්නා

දුන්න වගේ නැමි බණ්ඩි කුරක්කන්

අන්න බලාපන් අත වනතේ
මන්ද නඟේ නුඹ යන්නෙ ගමෙන් පිට
ගං ගොඩ වෙල් එළි පාළු වෙතේ
පින්න මලේ සුද ඇන්න ගිහින්වද
මුහුණ පුරා පෙම් පිරිලා
ඉන්න එපා උඹ හැන්දෑකරේ දොර
කන්ද කපා හඳ ගෙට එන්නා

ඉන්නෙ මොකෝ වැට ඉන්න වගේ නුඹ

එන්නෙ අළුත් අවුරුදු කාලේ
ගන්න එපා පර දේස සිරිත් නෙක
මේක අපේ සිංහල දේසේ
පින්න මලේ සුද ඇන්න ගිහින්වද
මුහුණ පුරා පෙම් පිරිලා
ඉන්න එපා උඹ හැන්දෑකරේ දොර
කන්ද කපා හඳ ගෙට එන්නා
පින්න මලේ සුද ඇන්න ගිහින්වද
මුහුණ පුරා පෙම් පිරිලා
ඉන්න එපා උඹ හැන්දෑකරේ දොර
කන්ද කපා හඳ ගෙට එන්නා
",[]
63b9ae69cf3844c2d635b896,Galin Galata,Karunarathne Diwulgane,Rathna Sri Wijesinghe,Gunadasa Kapuge,Unknown,Unknown,Unknown,"ගලින් ගලට අඩි තිය තිය
ගලින් ගලය අඩි තිය තිය
හිමින් හිමින් අකුරට යන පුංචි නංඟියේ
හෝඩිපොතේ මල් පිපිලා පාර දෙපැත්තේ...//

රාං කුරුලු සීනු හඬට 
ඉරක් ඇවිත් ඉස්කෝලෙට...//

නීල කොබෙයියන් පාසල් ගීය ගහන්නේ...
සිරි සිරි ගා මදටිය ඇට
වැටුනාවේ ඔලිඳ ඇලට
ඇටි කුකුලෝ විහිලු නැතුව අයින් වෙයන්නේ...

ගලින් ගලට අඩි තිය තිය...

හේන් කුඹුරු සිහි කර කර පමා වෙලා අකුරට යන...//
නුඹ දෑතට කෝටුයි පන් උරණ නොවන්නේ...
සෝඩි ටිකිරි පුංචි පයට වීරිය වී හරි හරිය⁣ට
ඒ දණ්ඩෙන් එගොඩ වෙන්න පුංචි නංඟියේ...

ගලින් ගලට අඩි තිය තිය...
","[{'start': 0, 'end': 9, 'metaphor': 'ගලින් ගලට', 'explanation': 'පියවරෙන් පියවර '}, {'start': 166, 'end': 179, 'metaphor': 'නීල කොබෙයියන්', 'explanation': 'පාසල් සිසු දරුවන් '}, {'start': 80, 'end': 99, 'metaphor': 'හෝඩිපොතේ මල් පිපිලා', 'explanation': 'පෙර කාලෙක ශිල්ප ඉගෙනගත්ත අය වර්තමානයේ සමාජයේ පිළිගත් තැන් වල සිටීම '}, {'start': 431, 'end': 451, 'metaphor': 'ඒ දණ්ඩෙන් එගොඩ වෙන්න', 'explanation': 'පාසලෙන් ශිල්ප ඉගෙනගෙන ජීවිතය ජයගන්න.'}]"
63b9af5ecf3844c2d635b89d,Wala Theerayen Eha,T M Jayarathna,Kularathna Ariyawansa,Rohana Weerasinghe,Unknown,Unknown,Unknown,"වලා තීරයෙන් එහා
කොහේද ලෝකයක්
සොයා ඇදෙන් පැතුම් බිඟුන්
අපේම ලෝකයක්
අපේම ලෝකයක්...//

තරංගයක් ලෙසින් නදී
බිඳි නොයන් සිතින්
වසන්තයක් ලෙසින් උදාව
එන්න ජීවිතෙන්

වලා තීරයෙන් එහා
කොහේද ලෝකයක්
සොයා ඇදෙන් පැතුම් බිඟුන්
අපේම ලෝකයක්
අපේම ලෝකයක්

සිහිල් සහන් සුසුම් සරින්
පවන් රොදක් ලෙසින්
නැවුම් පැතුම් අරන් වඩින්න
පෙම් උයන් දොරින්

වලා තීරයෙන් එහා
කොහේද ලෝකයක්
සොයා ඇදෙන් පැතුම් බිඟුන්
අපේම ලෝකයක්
අපේම ලෝකයක්
","[{'start': 40, 'end': 53, 'metaphor': 'පැතුම් බිඟුන්', 'explanation': 'බලාපොරොත්තු නම් වු මී මැස්සන් ( වලාවන්ට එහා ලෝකයක් කරා යන බලාපොරොත්තු)\n'}, {'start': 84, 'end': 120, 'metaphor': 'තරංගයක් ලෙසින් නදී\nබිඳි නොයන් සිතින්', 'explanation': ""ජීවිතයට තාවකාලිකව පැමිණෙන්න එපායැ'යි කෙරෙන ආයාචනයකි.""}, {'start': 121, 'end': 155, 'metaphor': 'වසන්තයක් ලෙසින් උදාව\nඑන්න ජීවිතෙන්', 'explanation': 'වසන්ත කාලය මෙන් සුන්දර ලෙස ජීවිතයේ රැඳෙන්න'}]"
63b9b09ccf3844c2d635b8a1,Sonduru Numba Lihiniyaka,Gunadasa Kapuge,Rathna Sri Wijesinghe,Gunadasa Kapuge,Unknown,Unknown,Unknown,"සොඳුර නුඹ ලිහිණියක රැයේ අඳුරට හඬන
මමද ලිහිණියෙකු වෙමි කැඩුනු තටු පිරි මදින

අහිංසක අප දෙදෙනෙ තටු කඩා මේ ලෙසින
සිදීගිය ගඟ දෑල හැර දැ‍මූවේ කව්ද
සඳට ‍දොස් නොකියන්න සඳ කුමක් කරන්නද
බාල වයසින් මැරුණ ප්‍රේමයකි තරු එළිය
‍
සොඳුර නුඹ ලිහිණියක රැයේ අඳුරට හඬන
මමද ලිහිණියෙකු වෙමි කැඩුනු තටු පිරි මදින
සොඳුර නුඹ ලිහිණියක රැයේ අඳුරට හඬන
මමද ලිහිණියෙකු වෙමි කැඩුනු තටු පිරි මදින

කටුක දුක් විරහ මැද අතරමං වී ගියද
අපි තවම පෙම් කරමු අපේ ජීවිත වලට
කියා දෙමු පියඹන්ට අපි අපේ පැටවුන්ට
නිදහසේ තටු ලැබුණ කුරුල්ලන් වී දිනෙක

සොඳුර නුඹ ලිහිණියක රැයේ අඳුරට හඬන
මමද ලිහිණියෙකු වෙමි කැඩුනු තටු පිරි මදින
සොඳුර නුඹ ලිහිණියක රැයේ අඳුරට හඬන
මමද ලිහිණියෙකු වෙමි කැඩුනු තටු පිරි මදින
","[{'start': 54, 'end': 65, 'metaphor': 'කැඩුනු තටු ', 'explanation': 'අනාගත බලාපොරොත්තු සුන් කරමින් \n'}, {'start': 612, 'end': 652, 'metaphor': 'මමද ලිහිණියෙකු වෙමි කැඩුනු තටු පිරි මදින', 'explanation': 'බිඳුණු සිත සනසන'}]"
63b9b154cf3844c2d635b8a4,Obe Sina Laga Netha Nawathuna Daa,Jagath Wickramasinghe,Deshani Wickramasinghe,Jagath Wickramasinghe,Unknown,Unknown,Unknown,"ඔබේ සිනා ලග නෙත නැවතුනු දා
ඔබේ කතා ලග සිත නැවතුනු දා
ප්‍රේමය හැදින්නෙමි //
මේ ලෝ තලයේ //

කුමටද උපමා ඉතිහාසයේ උං
ප්‍රේමවන්තයින්ගෙන් ..
කුමටද ආදරයේ පෙම් සැමරුම්
පෙම් පාරාදීසේ ..
ඉමක් කොනක් නැති ආකාසේ
තරු පායා එන සේමා ..
ඉමකා නිමක් නැත පෙම් හදවත් තුළ
පෙම් සිතුවිලි බෝමා

ඔබේ සිනා ලග ...
",[]
63b9b31ccf3844c2d635b8a7,Kirula Muthu,Janaka Wickramasinghe,Rathna Sri Wijesinghe,H M Jayawardana,Unknown,Unknown,Unknown,"කිරුළ මුතු ලිහී සර සර හඬින් වැගිරෙනා
සුළු මැදුම් දෙතිත පැටලී ගිගිරි වැලපෙනා
නටනවා නොවෙයි වැහැරුණු දෙපා වෙව්ලනා
තන තන තාන තම් දෙනා
තන තන තාන තම් දෙනා

දිලිසෙනා සේම කරලිය දිලෙන්නේ නැති

වන්නමක් සේම සුමිහිරි තානමක් නැති
සකියනි ගිරෙන් ගිරට පැන යන්නට
ජීවිතෙන් බැරි
සකියනි ගිරෙන් ගිරට පැන යන්නට
ජීවිතෙන් බැරි

කිරුළ මුතු ලිහී සර සර හඬින් වැගිරෙනා

සුළු මැදුම් දෙතිත පැටලී ගිගිරි වැලපෙනා
නටනවා නොවෙයි වැහැරුණු දෙපා වෙව්ලනා
තන තන තාන තම් දෙනා
තන තන තාන තම් දෙනා

රඟ බිමෙන් බහින විට ගෙයි සන්තකව ඇති

නළල් පට මාල හත් පට සින්න වී ඇති
සකියණි රිදී කාසි සොලවන්නට
බෙර පදය මදි
සකියණි රිදී කාසි සොලවන්නට
බෙර පදය මදි

කිරුළ මුතු ලිහී සර සර හඬින් වැගිරෙනා

සුළු මැදුම් දෙතිත පැටලී ගිගිරි වැලපෙනා
නටනවා නොවෙයි වැහැරුණු දෙපා වෙව්ලනා
තන තන තාන තම් දෙනා
තන තන තාන තම් දෙනා
","[{'start': 0, 'end': 15, 'metaphor': 'කිරුළ මුතු ලිහී', 'explanation': 'කලාකරුවකුගේ  වියපත්වීම සමඟ ඔහුගෙ වටිනාකම අඩු වීම \n'}, {'start': 150, 'end': 182, 'metaphor': 'දිලිසෙනා සේම කරලිය දිලෙන්නේ නැති', 'explanation': 'බාහිරව පේන දේ ට වඩා අභ්\u200dයන්තර සංකිර්ණ වීම. '}, {'start': 224, 'end': 235, 'metaphor': 'ගිරෙන් ගිරට', 'explanation': 'ජීවිතයේ මුහුණ දෙන නොයෙක් අත්දැකීම් '}]"
63b9b55bcf3844c2d635b8ab,Wasantha Sulagin,Deepika Priyadarshani,Bandula Nanayakkarawasam,Karunarathna Wijewardhana,Unknown,Unknown,Unknown,"වසන්ත සුළඟින්‌ නෑවීලා නව මල්‌ පීදේ

අහස්‌ වියන්‌ යට ඉරා ගලා තරැ එළි නිමක්‌ නැතේ.../ /
විහඟ බඳට රන්‌ අත්තටු පළඳන ජීවිතේ

කඳුළු විසුළ මත හිනා අරන්‌ එන ආදරේ

හබල්‌ පහර වැදුණාංවේ

සයුර ඇවිත්‌ හැපුණාවේ

හබල්‌ පහර වැදුණාවේ ගඟුලට රිදුමි නැතී
සයුර ඇවිත්‌ හැපුණාවේ වෙරළත්‌ සිනාසෙතී
විහඟ බඳට රන්‌ අත්තටු පළඳන ජීවිතේ
කඳුළු විසුළ මත හිනා අරන්‌ එන ආදරේ

වසන්තයක්‌ ගෙන පාංවේ

ඔබේ සෙවණ ලද යාමේ

වසන්තයක්‌ ගෙන පාවේ සුසුමට ඉඩක්‌ නැතී
ඔබේ සෙවණ ලද යාමේ ලොව දෙවිලොවක්‌ වෙතී
විහඟ බඳට රන්‌ අත්තටු පළඳන ජීවිතේ

කඳුළු විසුළ මත හිනා අරන්‌ එන ආදරේ

වසන්ත සුළඟින්‌ නෑවීලා නව මල්‌ පීදේ

අහස්‌ වියන්‌ යට ඉරා ගලා තරැ එළි නිමක්‌ නැතේ.../ /
විහඟ බඳට රන්‌ අත්තටු පළඳන ජීවිතේ

කඳුළු විසුළ මත හිනා අරන්‌ එන ආදරේ../ /

වසන්ත සුළඟින්‌ නෑවිලා...
","[{'start': 454, 'end': 486, 'metaphor': 'විහඟ බඳට රන්\u200c අත්තටු පළඳන ජීවිතේ', 'explanation': 'තිබූ ජීවිතය තවත් නිදහස් කල ප්\u200dරේමයක්'}, {'start': 488, 'end': 521, 'metaphor': 'කඳුළු විසුළ මත හිනා අරන්\u200c එන ආදරේ', 'explanation': 'ඉතා දුක්බර ජීවිතයට සතුටක් රැගෙන දෙන ආදරය'}]"
63b9b685cf3844c2d635b8ae,Hitha Maha Puduma Thanak,Sunil Edirisinghe,Bandula Nanayakkarawasam,H M Jayawardena,Unknown,Unknown,Unknown,"හිත මහ පුදුම තැනක්‌
දිදුලන මහරැ මිණක්‌
හසරැල්‌ වතල වතක්‌
විටෙකදි නොනිමි දුකක්‌
හිත මහ පුදුම තැනක්‌
හිත මහ පුදුම තැනක්‌

නවතින්නැයි කී විට හිත නිනවි නැතිව දුවනවා
ඉක්මණ රිසි වූවිට හිත නැවතුණ තැන ඉන්නවා
ලද දේ ඉවත හෙළන නොලැබෙන දේම යදින

හිත හිත්‌ පිත්‌ නැති ලෙස මට දඬුවම කරණවා
හිත හිත්‌ පිත්‌ නැති ලෙස මට දඬුවම්‌ කරණවා

හිත මහ පුදුම තැනක්‌.....

අනුන්‌ ළඟම දැවටී හිත ඉතින්‌ මවත රැඳෙනවා
අසරණවූ දා වෙන්වී මදෙස බලා ඉන්නවා
හිතකට හිමිදේ හැර අන්‌ හැමදේම හිතන

හිත හිත්‌ පිත්‌ නැති ලෙස මට දඬුවම කරණවා
හිත හිත්‌ පිත්‌ නැති ලෙස මට දඬුවම කරණවා

හිත මහ පුදුම තැනක්‌.....
","[{'start': 20, 'end': 38, 'metaphor': 'දිදුලන මහරැ මිණක්\u200c', 'explanation': 'හිත යම් අවස්ථාවල මහා අනර්ඝ මැණිකක් තරම් අගනේය'}]"
63b9b802cf3844c2d635b8b4,Nelanna Bari Durin Pipee,Deppeka Priyadarshani,Bandula Nanayakkarawasam,Rohana Weerasinghe,Unknown,Unknown,Unknown,"නෙලන්න බැරි දුරින් පිපී
කියන්න දුක රැඳී ඇවිත්
පවන් රොදේ...අසන්න දුක බලා ඉමී
රැඳෙන්න ඒ බිමෙන් මිදීමගේ ලොවේ...

විලක රැයේ පිපෙන මලේකඳුළු සඟවලා...
නැගෙන සඳේ කිරණ ලෙසේ
ගලමි රැය පුරා...හිරුද හඬවලා...

ඉවුරු දිගේ යනෙන අපේ
හඬන හිත නිවා...ගලන ගඟේ කඳුළු ඉමේ
පැතුම ඇත බලා...සයුර ඇත බලා...
","[{'start': 144, 'end': 163, 'metaphor': 'නැගෙන සඳේ කිරණ ලෙසේ', 'explanation': 'තම සිතෙහි ඇති දුක රාත්\u200dරියේ කඳුලින් දියකර හැරීම'}]"
63b9b8d2cf3844c2d635b8b7,Ninda Nathi Raye,"Gunadasa Kapuge,",Rathna Sri Wijesinghe,Unknown,Unknown,Unknown,Unknown,"නින්ද නැති රැයේ සඳ කඳුළු මීදුමේ
හැංගිලා අඬන්නෙ ඇයිද ප්‍රථම ප්‍රේමයේ
තාරකා දියේ ගිලී නිල් එළිය නිවේ
වැහි බිංදු වැටේවි රෝස පෙති කඩා හැලේ

කිළිපොළා සැලී යමින් නොහිටි සීතලේ
තුරුළු වෙමි දෙනෙත් පියා ඔබගෙ උණුසුමේ
ජීවිතය ඉතින් අපේ සිහිනයක් නොවේ
හෙට උදේම අවදිවී යා යුතුව තිබේ

නින්ද නැති රැයේ සඳ කඳුළු මීදුමේ
හැංගිලා අඬන්නෙ ඇයිද ප්‍රථම ප්‍රේමයේ
තාරකා දියේ ගිලී නිල් එළිය නිවේ
වැහි බිංදු වැටේවි රෝස පෙති කඩා හැලේ

රැය ගෙවේ සඳත් නිවේ දුරයි ජීවිතේ
ඉතින් අවසරයි මගේ පුංචි කුමරියේ
කටුවලට දෙතොල් තියා මලක් නැති ගසේ
සිඹිමි එකම හාදුවයි සොඳුර ඒ මගේ

නින්ද නැති රැයේ සඳ කඳුළු මීදුමේ
හැංගිලා අඬන්නෙ ඇයිද ප්‍රථම ප්‍රේමයේ
තාරකා දියේ ගිලී නිල් එළිය නිවේ
වැහි බිංදු වැටේවි රෝස පෙති කඩා හැලේ
","[{'start': 68, 'end': 73, 'metaphor': 'තාරකා', 'explanation': 'දෙනෙත් යුවළ '}, {'start': 99, 'end': 109, 'metaphor': 'වැහි බිංදු', 'explanation': 'පෙම්වතියගේ දෙනෙත් වලින් වැටෙන කදුලු'}, {'start': 117, 'end': 125, 'metaphor': 'රෝස පෙති', 'explanation': 'පෙම්වතියගේ දෙතොල්'}, {'start': 467, 'end': 473, 'metaphor': 'කටුවලට', 'explanation': 'දුශ්කර වූ ජීවිතය'}]"
63b9b9d6cf3844c2d635b8ba,Mangala Mal Dama,"Victor Rathnayake, Sisira Senarathne",Ajantha Ranasinghe,Victor Rathnayake,Unknown,Unknown,Unknown,"මංගල මල්දම පතා හිඳිමි මම පතමී මම

මට නොවෙද ලඳේ වතමන කල් උකුළු මුකුළු පෙම
මුකුළු පෙම....
මංගල මල්දම පතා හිඳිමි මම පතමී මම
මට නොවෙද ලඳේ නෙත නිලුපුල් සලිත ලලිත පෙම
ලලිත පෙම....

කිරි සාගරයෙන් කිඳුරු ලියන් ආවා

මට පෙම් මුතුලැල් පළඳනවැයි කීවා
සුර ළඳුන් වනේ දේව ළඳුන් ආවා
මට මල්සරගේ දුන්න අරන් ආවා
කිඳුරු ලතාවිය
දිව්ය කුමාරිය
මට මොටද ළඳේ ඇත්නම්
ඔබ දේහ සුරූපය
මට මොටද ළඳේ ඇත්නම්
ඔබ දේහ සුරූපය

සද්දන්ත කුලේ ඇතා පිටින් එන්නම්

රන් පාවඩ මත කැන්දාගෙන යන්නම්
රන් මිරිවැඩි රන් කසී සලුත් දෙන්නම්
ගාන්ධාරයෙන් විලවුන් ගෙන එන්නම්
පොකුරු සිනාවයි
දෑස ඉනාවයි
ගත සුවඳ කොකුම් බිඟු රොන්
හද ගීත ලතාවයි
ගත සුවඳ කොකුම් බිඟු රොන්
හද ගීත ලතාවයි

මංගල මල්දම පතා හිඳිම් මම පතමී මම
මට නොවෙද ලඳේ වතමන කල් උකුළු මුකුළු පෙම
මුකුළු පෙම....
මංගල මල්දම පතා හිඳිම් මම පතමී මම
මට නොවෙද ලඳේ නෙත නිලුපුල් සලිත ලලිත පෙම
ලළිත පෙම....

මුකුළු පෙම....
ලලිත පෙම ....
මුකුළු පෙම....
ලලිත පෙම ....
මුකුළු පෙම....
","[{'start': 514, 'end': 528, 'metaphor': 'පොකුරු සිනාවයි', 'explanation': 'ඇගේ මුව පුරා ඇති සිනහව'}, {'start': 529, 'end': 539, 'metaphor': 'දෑස ඉනාවයි', 'explanation': 'ඔහුව වශී කරගැනීමට සමත් ඇයගේ නෙත්'}]"
63b9bb28cf3844c2d635b8bd,Gagak Se Oba Gala Ee Nam,"Deepika Priyadarshani, Karunarathna Divulgane",Bandula Nanayakkarawasam,M R Chulasinghe,Unknown,Unknown,Unknown,"ගඟක් සේ ඔබ ගලා ඒ නම්
මුව දොරක් සේ ඔබව හමුවන්නම්
මලක් සේ ඔබ පෙති සලයි නම්
පවන් රල වී ඔබව සිප ගන්නනම්

පලා පැහැයෙන් දිදුල කඳුවලියේ

අතුල පිනි මතුයේ
පලා පැහැයෙන් දිදුල කඳුවලියේ
අතුල පිනි මතුයේ
සඳක් සේ මා ඔබට දල්වෙන්නම්
ඔබේ කඳුලැලි පෙමින් පිසලන්නම්
ගඟක් සේ ඔබ ගලා ඒ නම්
මුව දොරක් සේ ඔබව හමුවන්නම්
මලක් සේ ඔබ පෙති සලයි නම්
පවන් රල වී ඔබව සිප ගන්නනම්

දෑස රවටන මිරිගු දියතලයේ

වැටෙන උණු කඳුලේ
දෑස රවටන මිරිගු දියතලයේ
වැටෙන උණු කඳුලේ
අරුත වී මා ඔබේ ළඟ ඉන්නම්
මිරිගු දිය මැද කෙම් බිමක් වෙන්නම්
ගඟක් සේ ඔබ ගලා ඒ නම්
මුව දොරක් සේ ඔබව හමුවන්නම්
මලක් සේ ඔබ පෙති සලයි නම්

පවන් රල වී ඔබව සිප ගන්නනම්
","[{'start': 190, 'end': 215, 'metaphor': 'සඳක් සේ මා ඔබට දල්වෙන්නම්', 'explanation': ""ඔබේ ලෝකය ආලෝකමත් කරන්නෙමැ'යි සපථ වීමකි""}, {'start': 452, 'end': 485, 'metaphor': 'මිරිගු දිය මැද කෙම් බිමක් වෙන්නම්', 'explanation': 'ජීවිතයේ දුක් කදුලැල් පිසදමා සාරවත් කිරීමට සවියක් වෙන්නම්'}]"
63b9bbc5cf3844c2d635b8c0,Mama Kadulu Binduwak,Deepika Priyadarshani,Rathna Sri Wijesinghe,Rohana Weerasinghe,Unknown,Unknown,Unknown,"මම කඳුළු බිංදුවක්

සීතලට දැනෙන සිත රිදවන කඳුළු බිංදුවක්
මම කඳුළු බිංදුවක්
සීතලට දැනෙන සිත රිදවන කඳුළු බිංදුවක්
මම කඳුළු බිංදුවක්...

දරු සෙනේහයෙන් මවක නෙතින් ගලා හැලුණ

ප්‍රිය වියෝගයෙන් විරහිනියක ඇසින් මිදුන
දරු සෙනේහයෙන් මවක නෙතින් ගලා හැලුණ
ප්‍රිය වියෝගයෙන් විරහිනියක ඇසින් මිදුන
ඒ කඳුළු බිඳක නමක් ගමක් ලියා තියෙනවද

මම කඳුළු බිංදුවක්

සීතලට දැනෙන සිත රිදවන කඳුළු බිංදුවක්
මම කඳුළු බිංදුවක්...

රළු පරළු කුරිරු හදක් වෙඬරු වී වැගිරෙන
ගිනි ගැණුනු පෑල මල් දෙකොපුල රෑරා එන
රළු පරළු කුරිරු හදක් වෙඬරු වී වැගිරෙන
ගිනි ගැණුනු පෑල මල් දෙකොපුල රෑරා එන
මට එකතු වෙන්න ඔබේ ඇසෙත් කඳුළු තියෙනවද

මම කඳුළු බිංදුවක්

සීතලට දැනෙන සිත රිදවන කඳුළු බිංදුවක්
මම කඳුළු බිංදුවක්
සීතලට දැනෙන සිත රිදවන කඳුළු බිංදුවක්
මම කඳුළු බිංදුවක්...
","[{'start': 19, 'end': 55, 'metaphor': 'සීතලට දැනෙන සිත රිදවන කඳුළු බිංදුවක්', 'explanation': ' සංවේදී වූ හදවතක් ඇති. '}, {'start': 169, 'end': 185, 'metaphor': 'ප්\u200dරිය වියෝගයෙන්', 'explanation': 'නැති වුණු තම දරුවගෙ ශෝකයෙන් ජීවත් වන මව'}, {'start': 397, 'end': 405, 'metaphor': 'රළු පරළු', 'explanation': 'දැඩි සිත '}]"
63b9bc66cf3844c2d635b8c3,Maharagamata Wahinnathiwa,Chamara Weerasinghe,Sunil Ariyarathne,Rohana Weerasinghe,Unknown,Unknown,Unknown,"මහරගමට වහින් නැතිව
වහින්න ඕනෑ තැනකට
කුඩයක්වත් අතේ නැතිව
ඈ ඇති බස් නැවතුම ළඟ..
මහරගමට වහින් නැතිව
වහින්න ඕනෑ තැනකට
කුඩයක්වත් අතේ නැතිව
ඈ ඇති බස් නැවතුම ළඟ..

උදේ ඉඳන් වඳ විදලා
දැනුයි ගියේ වැඩ ඇරිලා

උදේ ඉඳන් වඳ විදලා
දැනුයි ගියේ වැඩ ඇරිලා
ඇඳන් හිටපු සාරියමයි
හෙටත් අඳින්නේ කියලා

හෙටත් අදින්නේ කියලා

මහරගමට වහින් නැතිව

වහින්න ඕනෑ තැනකට
කුඩයක්වත් අතේ නැතිව
ඈ ඇති බස් නැවතුම ළඟ

මහ වැස්සට තෙමුණොත් ඈ
හෙට අඳින්න ඇදුමක් නෑ...

මහ වැස්සට තෙමුණොත් ඈ
හෙට අඳින්න ඇදුමක් නෑ...
මග හිටියොත් වැස්ස නිසා

ගෙදර යන්න වෙන්නෙත් රෑ

ගෙදර යන්න වෙන්නෙත් රෑ

මහරගමට වහින් නැතිව

වහින්න ඕනෑ තැනකට
කුඩයක්වත් අතේ නැතිව
ඈ ඇති බස් නැවතුම ළඟ..
මහරගමට වහින් නැතිව
වහින්න ඕනෑ තැනකට
කුඩයක්වත් අතේ නැතිව
ඈ ඇති බස් නැවතුම ළඟ..
",[]
63b9bd9fcf3844c2d635b8c6,Dedunne Sath Pata Hangala,Nirosha Wirajini,Bandula Nanayakkara,Suresh Maliyadda,Unknown,Unknown,Unknown,"දේදුන්නේ සත් පාට හංගලා

හිනැහෙන්නේ කොයි සිටද හැංගිලා
දේදුන්නේ සත් පාට හංගලා
හිනැහෙන්නේ කොයි සිටද හැංගිලා
පීදෙන්නේ සුවඳින්ම නැහැවිලා
ඔබෙ නමට රොන් සදා ඔබෙ උයනෙමයි
දේදුන්නේ සත් පාට හංගලා..

හිනැහෙන්නේ කොයි සිටද හැංගිලා

රෑ සදේ සිනිදු කිරණත් එපා...
ලා ඉරේ අරුණු දහරත් එපා..
ගී සරේ මිහිරි ගී රැව් එපා...
ජීවිතේ ඔබ ගෙනේ නම්....
රෑ සදේ සිනිදු කිරණත් එපා...
ලා ඉරේ අරුණු දහරත් එපා..

මාරුතේ සුමුදු සිහිලත් එපා
හීනයේ අරුම දැහැනත් එපා
පා මිණි කිකිණි රසු දැල් එපා
ආදරේ ඔබම වේ නම්
මාරුතේ සුමුදු සිහිලත් එපා
හීනයේ අරුම දැහැනත් එපා

දේදුන්නේ සත් පාට හංගලා
හිනැහෙන්නේ කොයි සිටද හැංගිලා
පීදෙන්නේ සුවඳින්ම නැහැවිලා

ඔබෙ නමට රොන් සදා ඔබෙ උයනෙමයි
","[{'start': 150, 'end': 160, 'metaphor': 'බෙ උයනෙමයි', 'explanation': 'ඔබේ හදවතේමය'}]"
63b9bee1cf3844c2d635b8c9,Thana Mal Wila Mal Pipunath,"Chamara Weerasinghe,",Unknown,Unknown,Unknown,Unknown,Unknown,"තණමල්ව්ල මල්‌ පිපුණත්‌ තහනම නීතියද
ඒ සියලම මල්‌ වල ඇති සුවඳ සිදාදියට
හිට මල්වය ඉඟිකෙරැවත්‌ ඉඳුවර හිනියට
සිත්‌ මල ලං කරන්නෙපා ඇවිලෙන පාපයට

පොල්‌ අතු පැල්පතක හීන රන්දා මාල්ගයක
ලෙන්ගතුවී කතා කරයි යන්න දේව ලෝකෙට
කාසි පඳුරැ පිදුනාට ගිණිගත්‌ ජීවිතයක
ඇැවිද්ද පය වලංගු වෙයි ඔය කහමල්‌ යායට

තණමල්ව්ල මල්‌ ....
අපේ ගමෙ සටුවරයින්‌ යහමන්‌ ඇති අත මට
කාසි වලට හාද වෙලා තගටථටේ ලොකු උදවිය

නීතිය තහනම උනාට තාමත්‌ ඉර හඳ යට
කොළඹට ළආරගෙන එනවා තනමල්විල මල්‌ ටික

තණමල්ව්ල මල්‌ ....
","[{'start': 310, 'end': 320, 'metaphor': 'සටුවරයින්\u200c', 'explanation': 'ප්\u200dරභූවරුන්'}, {'start': 338, 'end': 355, 'metaphor': 'කාසි වලට හාද වෙලා', 'explanation': 'මුදල් වලට ඇති වුණු ආශාව'}, {'start': 228, 'end': 244, 'metaphor': 'ගිණිගත්\u200c ජීවිතයක', 'explanation': 'කඩාකප්පල් වූ '}]"
63b9bfc2cf3844c2d635b8cc,Rangira Ma,Nirosha Virajini,Bandula Nanayakkarawasam,Mahinda Bandara,Unknown,Unknown,Unknown,"රන් ගිර මා
ඔබ එගිර සිඹින හිරුට සමානා
පන්හිඳ මා
ඔබ එයින් ගෙතෙන ගීය සමානා

රන් ගිර මා
ඔබ එගිර සිඹින හිරුට සමානා
පන්හිඳ මා
ඔබ එයින් ගෙතෙන ගීය සමානා

රන් ගිර හිස හිරු හිනැහෙන​

එලියෙන් මුලු ලොව දිදුලන​
නමුදු හිරුට ලං වන්නට​
වරම් නොමැතියේ

ඉරෙන් ලොවක් එලිවන දැක​

ම සිත බැබලියේ

රන් ගිර මා
ඔබ එගිර සිඹින හිරුට සමානා
පන්හිඳ මා
ඔබ එයින් ගෙතෙන ගීය සමානා

පන්හිඳ ගෙතු ගී ගැයවෙන​

මිහිරෙන් තුන් හිත නැහැවෙන​
නමුදු ගීය දුන් මිහිරට​
උවම් නොමැතියේ

එයින් ලොවක් සැනසෙනු දැක​

ම සිත නැලවියේ...

රන් ගිර මා
ඔබ එගිර සිඹින හිරුට සමානා
පන්හිඳ මා
ඔබ එයින් ගෙතෙන ගීය සමානා

රන් ගිර මා
ඔබ එගිර සිඹින හිරුට සමානා
පන්හිඳ මා
ඔබ එයින් ගෙතෙන ගීය සමානා
","[{'start': 73, 'end': 109, 'metaphor': 'රන් ගිර මා\nඔබ එගිර සිඹින හිරුට සමානා', 'explanation': 'මා රන්වන් කන්දක් වන විට ඔබ එයින් නැගෙන හිරුය'}, {'start': 110, 'end': 144, 'metaphor': 'පන්හිඳ මා\nඔබ එයින් ගෙතෙන ගීය සමානා', 'explanation': 'මා පන්හිඳක් වන විට ඔබ එයින් ලියැවෙ ගීයකි'}]"
63ba3021cf3844c2d635b8d2,Wanapetha Magen Sewu,Edwerd Jayakodi,Banadara Ahaliyagoda,Rohana Weerasinghe,Unknown,Unknown,Unknown,"වන පෙත මගෙන් සෙවූ .. සරතැස ඔබේ...
පැන් තොට මගෙන් ලැබූ ..පවසත් ඔබේ...
නිල්වන් දියේ..හසරැල් සැලූ...
මගෙ ආදරේ..සුගන්ධයේ ගමන් වැසූ...
පවුරත් ඔබේ...

ගිනිදැල් මැවූ දා.. හසරැල් පුදන්නම්..
තුන්සිත දැවූ දා.. මම මල් ඉසින්නම්..

ගිනිදැල් මැවූ දා.. හසරැල් පුදන්නම්..
තුන්සිත දැවූ දා.. මම මල් ඉසින්නම්..
මේ මංපෙතේ...තනිවු මගේ..
හිත දෙදරවා කඩා දැමූ ඔබේ සරදම්..
තනියෙන් විඳින්නම්...

අඳුරින් වැසූදා.. සඳ රැල් එවන්නම්..
මගේ තටු නැසූ දා.. ඔබෙ බැමි මුදන්නම්..

අඳුරින් වැසූදා.. සඳ රැල් එවන්නම්..
මගේ තටු නැසූ දා.. ඔබෙ බැමි මුදන්නම්..
මේ මංපෙතේ...තනිවු මගේ..
හිත දෙදරවා කඩා දැමූ ඔබේ සරදම්..
තනියෙන් විඳින්නම්...

වන පෙත මගෙන් සෙවූ .. සරතැස ඔබේ..
පැන් තොට මගෙන් ලැබූ ..පවසත් ඔබේ..
නිල්වන් දියේ..හසරැල් සැලූ..
මගෙ ආදරේ..සුගන්ධයේ ගමන් වැසූ..
පවුරත් ඔබේ...
","[{'start': 145, 'end': 153, 'metaphor': 'ගිනිදැල්', 'explanation': 'වේදනාවන් '}, {'start': 203, 'end': 215, 'metaphor': 'මල් ඉසින්නම්', 'explanation': 'වෛරයකින් තොර ව ප්\u200dරේම කරන්නම්'}, {'start': 405, 'end': 440, 'metaphor': 'මගේ තටු නැසූ දා.. ඔබෙ බැමි මුදන්නම්', 'explanation': 'මගේ ප්\u200dරේමයෙන් අවශ්\u200dය නොවන දිනක ඔබ නිදහස් කරන්නම්'}]"
63ba308acf3844c2d635b8d5,Mal Pipei Deneth Arei,"Lelum Rathnayake, Praveena Gamage",Bandula Nanayakkarawasam,Ananda Gamage,Unknown,Unknown,Unknown,"මල් පිපෙයි දෙනෙත් ඇරෙයි

කථා කියයි හෙමින්
හිරු එබෙයි එලිය දෙයි
කුරුලු ගී ඇසෙයි

රිදී කලේ අරන් උදේ කොහේද යන්නෙ මේ

කොහි සිටන්ද එන්නෙ කවුද මවුපියන් ඔබේ

දුවන්නෙ කිරි කලෙත් අරන් යන්නෙ විගසිනේ

ගොවියෙකුයි පියා මගේ ඉන්නෙ මේ ගමේ

මල් පිපෙයි දෙනෙත් ඇරෙයි

කථා කියයි හෙමින්
හිරු එබෙයි එලිය දෙයි
කුරුලු ගී ඇසෙයි

බදින්නෙ කොහොම ගොවි දුවක් කුමාරයෙක් නෙ මං
පිය රජුත් මවත් කෙසේ දෙයි මනාපයක්

මල් පිපෙයි දෙනෙත් ඇරෙයි

කථා කියයි හෙමින්
හිරු එබෙයි එලිය දෙයි
කුරුලු ගී ඇසෙයි

බදින්න ඔනේ යැයි කියා කවුද ඇහුවෙ දැන්
හිදින්න නෑ වෙලාවකුත් මෙන්න යනව මං
","[{'start': 11, 'end': 23, 'metaphor': 'දෙනෙත් ඇරෙයි', 'explanation': 'උදෑසන අවදිවීම '}]"
63ba311dcf3844c2d635b8d8,Asi Piya Salana Nisa,Ajith Bandara,Bandula Nanayakkarawasam,Mahinda Bandara,Unknown,Unknown,Unknown,"ඇසිපිය සලන නිසා
දැනගත්තා ඔබ දිව්‍යාංගනාවක් නොවේ කියා
කඳුළැලි වැටෙන නිසා
දැනගත්තා ඔබ හිත් ආකාසය වගෙයි කියා
මගෙ ලොව දිළිඳු නිසා
විඳගත්තා හැම රන් යහනා සිහිනයක් කියා

ඒ වුණාට ඔබ ඇසිපිය සලමින්
සැඟවුණ මගේ ආදරයෙන් ඇසිපිය සැලුවා
ඒ වගේම ඔබ කඳුළැලි සලමින්
නොහැඬූ මගේ යුග දෑසත් බොඳ කර දැමුවා

දැනගත්තා ඔබ දිව්‍යාංගනාවක් නොවේ කියා
විඳගත්තා හැම රන් යහනා සිහිනයක් කියා

ආදරේට ලොව සීමා නොහැ‍‍ඟෙයි
පොළොවේ සිටි මා ඔබ අහසේ රැගෙන ගියා
ඒ වගේම ඔබ අහසත් ‍පොළොවත්
මේ හැටි දුර බව මා හට හඳුණා දුන්නා

දැනගත්තා ඔබ දිව්‍යාංගනාවක් නොවේ කියා
විඳගත්තා හැම රන් යහනා සිහිනයක් කියා

ඇසිපිය සලන නිසා
දැනගත්තා ඔබ දිව්‍යාංගනාවක් නොවේ කියා
කඳුළැලි වැටෙන නිසා
දැනගත්තා ඔබ හිත් ආකාසය වගෙයි කියා
මගෙ ලොව දිළිඳු නිසා
විඳගත්තා හැම රන් යහනා සිහිනයක් කියා
",[]
63ba321fcf3844c2d635b8db,Viraga Ragaya,"Amal Perera, Amarasiri Peiris",Bandula Nanayakkarawasam,Suresh Maliyadda,Unknown,Unknown,Unknown,"විරාග රාගය අතරේ තනි වූ ආලය
විරාම දෙයි එක් හදකට උදා පරාජය
විරාග රාගය අතරේ තනි වූ ආලය
දුරලයි තනිකම ලබමින් මගේ සරාගය

ඔබ අඩවන් නෙතු කරමින් ඈ නතු
ඇගේ පහන් ලොව ඈ මනසින් බිඳහල දා
ඈ මුකුලිත වූවා

කර ගනු ඈ සතු නොරිසි ඔබේ සිතු
ඈතින් ඔබේ මුණිවර මනසින් පෙම්කළ දා
ඈ අසරණ වූවා

විරාග රාගය අතරේ තනි වූ ආලය
විරාම දෙයි එක් හදකට උදා පරාජය
විරාග රාගය අතරේ තනි වූ ආලය
දුරලයි තනිකම ලබමින් මගේ සරාගය

නුරා එගිනි දළු ඈ දවමින් ගෙතු
සලෙල ගීතයට ඈ තනුවක් කර ගත් දා
ඈ ලොව අහිමි වුණා

ඔබේ මිලින ගති ඇයට නොවේ රිසි
පෙමින් තොරව ඇගේ දිවිය කතරක් වූදා
ඈ මවෙතට ආවා

විරාග රාගය අතරේ තනි වූ ආලය
විරාම දෙයි එක් හදකට උදා පරාජය
විරාග රාගය අතරේ තනි වූ ආලය
දුරලයි තනිකම ලබමින් මගේ සරාගය
","[{'start': 27, 'end': 46, 'metaphor': 'විරාම දෙයි එක් හදකට', 'explanation': 'එක් අයෙකුට ප්\u200dරේමය අහිමි වීම'}, {'start': 173, 'end': 187, 'metaphor': 'ඈ මුකුලිත වූවා', 'explanation': 'ඇය පර වී ගියා'}]"
63ba32d6cf3844c2d635b8de,Epa Thawath Oba Ma Rawatannata,Wasantha Thilakangani,Bandula Nanayakkarawasam,Rohana Weerasinghe,Unknown,Unknown,Unknown,"එපා තවත් ඔබ මා රවටන්නට
ඇගේ සෙවන මුදු මල් යහනාවක් නම්
ඒ මල් යහනේ ඔබ සැතපෙනු මැනවී
අඳුරු මතකයෙන් මට සමුදෙනු මැනවී

තව මොහොතක් හෝ මේ පෙම් රංගනයේ
නිළියක වනු පල නෑ
ප්‍රේමය කිමදැයි ඔබෙන් උගත මුත්
එහි මහරුත ඔබ තව වටහාගෙන නෑ
එපා තවත් ඔබ මා රවටන්නට
ඇගේ සෙවන මුදු මල් යහනාවක් නම්
ඒ මල් යහනේ ඔබ සැතපෙනු මැනවී
අඳුරු මතකයෙන් මට සමුදෙනු මැනවී

මිරිඟු දිය සොයා මුවැත්තියක විලසේ
තව දිව යනු රිසි නෑ
අවසන් පෙම් කඳුළත් පුද දුන් පසු
ඔබට පුදන්නට මා ළඟ සෙනෙහස නෑ
එපා තවත් ඔබ මා රවටන්නට

ඇගේ සෙවන මුදු මල් යහනාවක් නම්
ඒ මල් යහනේ ඔබ සැතපෙනු මැනවී
අඳුරු මතකයෙන් මට සමුදෙනු මැනවී
","[{'start': 32, 'end': 49, 'metaphor': 'මුදු මල් යහනාවක් ', 'explanation': 'සුවපහසු ස්ථානයක්'}]"
63ba3367cf3844c2d635b8e1,Akikaruda Obe Sitath Werale Peralena Rala Wage,Edward Jayakody,Bandula Nanayakkarawasam,H. M. Jayawardena,Unknown,Unknown,Unknown,"අකීකරුද ඔබේ හිතත් වෙරලේ පෙරලෙන රල වාගේ
අකීකරුයි මගේ හිතත් හමනා සැඩ සුලක් වාගේ
ඒ සුළගේ පාව යන්න වලා රොදක් සේ නැගෙන්න..
ඒ සුළගේ පාව යන්න වලා රොදක් සේ නැගෙන්න..

සුළග සැරෙන් හමනා විට

ගිනිදැල් තව තව ඇවිලේවී
ඒ ගින්දර නිවාලන්න ඒසුළගම විවරණ දේවී

අකීකරුද ඔබේ හිතත් වෙරලේ පෙරලෙන රල වාගේ

අකීකරුයි මගේ හිතත් හමනා සැඩ සුලක් වාගේ
ඒ සුළගේ පාව යන්න වලා රොදක් සේ නැගෙන්න..
ඒ සුළගේ පාව යන්න වලා රොදක් සේ නැගෙන්න..

වෙරළේ රළ සැඩ වූවොත් ඔරු කද කනපිට පෙරලේවී

නිසල උනොත් ඒ රළ පෙල සුවසේ අප මෙගොඩ කරාවී

අකීකරුද ඔබේ හිතත් වෙරලේ පෙරලෙන රල වාගේ

අකීකරුයි මගේ හිතත් හමනා සැඩ සුලක් වාගේ
ඒ සුළගේ පාව යන්න වලා රොදක් සේ නැගෙන්න..

ඒ සුළගේ පාව යන්න වලා රොදක් සේ නැගෙන්න..
ඒ සුළගේ පාව යන්න

වලා රොදක් සේ නැගෙන්න..
","[{'start': 18, 'end': 38, 'metaphor': 'වෙරලේ පෙරලෙන රල වාගේ', 'explanation': 'පාලනයන් නොමැති'}, {'start': 58, 'end': 77, 'metaphor': 'හමනා සැඩ සුලක් වාගේ', 'explanation': 'පාලනයක් නැති/ නිදහසේ ගෙවන ජීවිතය'}]"
63ba345fcf3844c2d635b8e4,Ira Wayam Kaloth,Kolitha Bhanu Dissanayake,Bandula Nanayakkarawasam,Mahinda Senevirathne,Unknown,Unknown,Unknown,"ඉර වෑයම් කලොත්

ගනදුර මිදෙව්වැකි...
සඳ වෑයම් කලොත්
සාවුන් එලෙව්වැකි....
බිඟු වෑයම් කලොත්
මුවරද සිදෙව්වැකි...
නුඹ වෑයම් කලොත්
මගේ සිත නැලෙව්වැකි...

රෑ අහසේ තරු මල් පිපෙනා,, සේමා

නුඹේ නම,,ට පෙම්මල් සුපිපෙයි බෝමා...
රනින් තැනු තැලි දිදුලන රන්දා මා

නුඹට පල,,දවන්නට ඇයි මට සීමා...

අහස උපන් අඩවිය නුඹ දන්,නවද
පොලව දර,ණ ලතැවුල් ගැන දන්නවද
සයුර නැගෙන රැලි මාලා බිදෙන ලෙද
මගේ සිහි,න කෙලෙසක මා සිඳින්නෙද...
ඉර වෑයම් කලොත්

ගනදුර මිදෙව්වැකි...
සඳ වෑයම් කලොත්
සාවුන් එලෙව්වැකි....
බිඟු වෑයම් කලොත්
මුවරද සිදෙව්වැකි...
නුඹ වෑයම් කලොත්
මගේ සිත නැලෙව්වැකි...
","[{'start': 148, 'end': 170, 'metaphor': 'රෑ අහසේ තරු මල් පිපෙනා', 'explanation': 'ඇය නමින් ඔහුගේ සිතේ ඇතිවන ප්\u200dරේමයට උපමාවකි'}]"
63ba35b832c78dfa3bdd4591,Katu Akule,Edward Jayakody,Bandula Nanayakkarawasam,Ananda Gamage,Unknown,Unknown,Unknown,"කටු අකුලේ මල් ඇහැරේ...
රළු අහසේ තරු හිනැහේ...//
කටු අකුලේ මල් ඇහැරේ
තුඩින් තුඩේ රැවුනැගේ 
කුරුළු ගී ගායනා....
කුලින් කුලේ වැතිරේතේ 
සුදුවළා පාවෙනා....

ළමයින් සුවදයි 
කදුලක දිලිසෙයි 
අදුරු විමානේ
රන් මිනි පහනයි 

තුඩින් තුඩේ ....
කටු අකුලේ....

අනාථ දෑසේ කෙමි බිම ඔබමයි
මිලාන ලෝකේ හසරැලි උයනයි

තුඩින් තුඩේ ....
කටු අකුලේ....
","[{'start': 245, 'end': 269, 'metaphor': 'අනාථ දෑසේ කෙමි බිම ඔබමයි', 'explanation': 'සිනහවක් නැති ලෝකයට ක්ෂේමභූමිය (සාරවත්) ඔබයි '}, {'start': 270, 'end': 293, 'metaphor': 'මිලාන ලෝකේ හසරැලි උයනයි', 'explanation': 'මිලින වී ගිය ලෝකයට ඔබ සිනහව කැන්දයි'}]"
63ba375b32c78dfa3bdd4594,Mehew Rate,Nirosha Wirajini,Bandula Nanayakkarawasam,Stanley Peiris,Unknown,Unknown,Unknown,"මෙහෙව් රටේ රංචාගොඩ ඉපදිලා
බලාන හිටියා දැන් නම් ඇති හොඳටෝම
අමතක වුවත් මා දුහුවිල්ලක් සේ
බලා යන්ට ආවා .....මගෙ නෑදෑයෝ
මගෙ නෑදෑයෝ

දීම් තනම් දින දීම් තනම් දින දීම් තනම් දින
තරරප් තරරප් //

දීම් තනම් දින දීම් තනම් දින දීම් තනම් දින
තරරප් තරරප්
අනේ සුසානෝ කලියුගයේ අඟනෝ
රූප පෙට්ටි ළඟ රැයෙත් දවාලෙත් ගල් ගැහිලා (ගල් ගැහිලා)
ක්‍රිකට් සන්නියෙන් දපනෙ වැටී ඉන්නා යාමේ
උන්ගෙ පැටව් මොරදෙනවා කුසගින්නේ

බැරෑඬියි කොහාගේ ඉමිහිරි නාදේ
විස දුම් වැදිලා උගෙ සිහියත් දැන් අව සිහියෙන් (අව සිහියෙන්)
ළමා ළපටි හැඩි දැඩි යන්තර වීලා
නිදි පැදුරෙත් කිමිදෙනවා ටියුෂන් හීනේ

දීම් තනම් දින දීම් තනම් දින දීම් තනම් දින
තරරප් තරරප් //

දීම් තනම් දින දීම් තනම් දින දීම් තනම් දින
තරරප් තරරප්
අවුරුදු දවසට අරුමයි මුළුතැන්ගේ
ගජරාමෙට හැදෙනා හැටි කේක් පුඩින් (කේක් පුඩින්)
නැකතට ගිණි ළිපෙනුයි දිය නැවුම් ළිඳෙන්
ගෑස් ලිපත් පයිප්පයත් නිහඬවෙනු

දෙමට පොතු කකා කට හම ගියා නොවේ
හිතේ අමාරුවටයි මේ දෙඩවිල්ලත් (දෙඩවිල්ලත්)
බහුරූ කෝළං දකින්ට බෑ තව ඇස් දෙකට
මගේ දුකට නුඹ නාඩන් කිල්ලෝටේ

දීම් තනම් දින දීම් තනම් දින දීම් තනම් දින
තරරප් තරරප් //

මෙහෙව් රටේ රංචාගොඩ ඉපදිලා
බලාන හිටියා දැන් නම් ඇති හොඳටෝම
අමතක වුවත් මා දුහුවිල්ලක් සේ
බලා යන්ට ආවා .....මගේ නෑදෑයෝ
මගේ නෑදෑයෝ

දීම් තනම් දින දීම් තනම් දින දීම් තනම් දින
තරරප් තරරප්
දීම් තනම් දින දීම් තනම් දින දීම් තනම් දින
තරරප්

",[]
63ba37be32c78dfa3bdd4597,Udawenna Me Rathriye,Bandara Athawuda,Bandula Nanayakkarawasam,Rohana Weerasinghe,Unknown,Unknown,Unknown,"උදාවෙන්න මේ රාත්‍රියේ

නෙලාගන්න ඔබෙ කාන්තියේ
මගේ දුක් දරාගන්න හිත් යහන සරසන්න
සඳුනේ නැගෙන් රාත්‍රියේ

උයනේ පීදී සුවඳින් නෑවී
උයනේ පීදී සුවඳින් නෑවී
කැකුළක් ලෙසේ කේතකී
මා වෙත එයි ඈ පෙර මග සරසා
සඳුනේ නැගෙන් රාත්‍රියේ

උදාවෙන්න මේ රාත්‍රියේ

නෙලාගන්න ඔබෙ කාන්තියේ
මගේ දුක් දරාගන්න හිත් යහන සරසන්න
සඳුනේ නැගෙන් රාත්‍රියේ

දියඹේ බිහි වී වෙරළේ මියැදී
දියඹේ බිහි වී වෙරළේ මියැදී
රළ වැල් ලෙසේ සාගරේ
මා හැර යයි ඈ තනියට ළංවී
සඳුනේ නැගෙන් රාත්‍රියේ

උදාවෙන්න මේ රාත්‍රියේ

නෙලාගන්න ඔබෙ කාන්තියේ
මගේ දුක් දරාගන්න හිත් යහන සරසන්න
සඳුනේ නැගෙන් රාත්‍රියේ
සඳුනේ නැගෙන් රාත්‍රියේ
සඳුනේ නැගෙන් රාත්‍රියේ
සඳුනේ නැගෙන් රාත්‍රියේ
",[]
63ba383932c78dfa3bdd459c,Hada Panak Se Awidin,"Athula Adikari, Samitha Mudunkotuwa",Athula Adikari,Rohana Weerasinghe,Unknown,Unknown,Unknown,"හඳ පානක් සේ ඇවිදින් ගම්මානෙන් මේ නගරෙට

ගංගාවක් තරමට සිහිලස පිදුවයි නුඹ මා හට

නෙත් දාහක් පසු කර විත්
මට හිමි දෙනුවන දුටු විට
හඳ පානක් වූයේ නුඹ නොවෙදෝ මා සිත් අහසට...

හඳ පානක් සේ ඇවිදින් ගම්මානෙන් මේ නගරෙට
ගංගාවක් තරමට සිහිලස පිදුවයි නුඹ මා හට

නෙත් දාහක් පසු කර විත්
මට හිමි දෙනුවන දුටු විට
හඳ පානක් වූයේ නුඹ නොවෙදෝ මා සිත් අහසට...

දූවිලි හුළඟින් පිරුණත් ඉපදුණු නගරේ
මට නුපුරුදු ගමට එන්න බෑ...
මේ නගරය අත්හරින්න බෑ....

මගෙ උරුමය රැඳුනත් මා ලද ගම් පියසේ..
මේ නගරයේ කූඩු වෙන්න බෑ...
ගම්මානය අත්හරින්න බෑ...

අප දෙන්නා මුණ ගැස්වූ මේ මහ නගරේ
අතැර නුඹට ගමට යන්න බෑ...
මේ නගරය අත්හරින්න බෑ...

මගේ සිතෙන් නුඹ සිතනා මතු යම් දවසේ
මේ නගරේ පාළු වෙන්නෙ නෑ
මං තනියෙන් ගමට යන්නෙ නෑ

හඳ පානක් සේ ඇවිදින් ගම්මානෙන් මේ නගරෙට

ගංගාවක් තරමට සිහිලස පිදුවයි නුඹ මා හට

නෙත් දාහක් පසු කර විත්
මට හිමි දෙනුවන දුටු විට
හඳ පානක් වූයේ නුඹ නොවෙදෝ මා සිත් අහසට...
",[]
63ba394f32c78dfa3bdd459f,Nil Ahasath Ralu Polawath,"Janaka Wickramasinghe,",Bandula Nanayakkarawasam,Gunadasa Kapuge,Unknown,Unknown,Unknown,"නිල්‌ අහසත්‌ රළු පොළවත්‌
එක්‌ වේවිද කවදාවත්‌

පන්‌ පැදුරත්‌ සත්‌ මහලත්‌
මුහුවේවිද කවදාවත්‌ ///

උදා ගිරේ තනි තරුවයි ඔබ මට
වැළපෙන බිම්‌ මල මාදෝ
කහවුනු පවුරින්‌ වටවුනු සිරගේ
පතනා කෙම්‌ බිම වේදෝ //'

නිල්‌ අහසත්‌....

ක්ෂිතිජ ඉරක්‌ වී නෙතු රවටනු ඇයි
නැති ලෙස සිතත්‌ කයත්‌

අහසින්‌ පොළවට බැස ආවොත්‌ ඔබ
නෑ නොවැ හිතට දුකක්‌ //

නිල්‌ අහසත්‌....
","[{'start': 96, 'end': 121, 'metaphor': 'උදා ගිරේ තනි තරුවයි ඔබ මට', 'explanation': 'ඇය ඔහුට කෙතරම් දුරස්ද යන්න'}]"
63ba39d332c78dfa3bdd45a2,Hadanna Lanwa Athi Obe Nuwan Pura,"Edward Jayakody, Dammika Walpola",Bandula Nanayakkarawasam,Rohana Weerasinghe,Unknown,Unknown,Unknown,"හඬන්න ළංව ඇති ඔබේ නුවන් පුරා

ඇඳෙන්නෙ ජීවිතේ කතාව දෝ
හෙළන්න බැරිව ලතවෙනා සුසුම් සදා
කියන්නෙ ජීවිතේ මුලාව දෝ...

තරු ඇසක්‌ ඇරී උදාගිරේ

බිම් මලක්‌ මුවින් හිනා නැගේ
තරු ඇසක්‌ ඇරී උදාගිරේ
බිම් මලක්‌ මුවින් හිනා නැගේ
තරු ඇසේ කතා මියේද

බිම් මලේ හිනා මැකේද
මේ වෙනස දෝ ආදරේ...
හඬන්න ළංව ඇති ඔබේ නුවන් පුරා

ඇඳෙන්නෙ ජීවිතේ කතාව දෝ
හෙළන්න බැරිව ලතවෙනා සුසුම් සදා
කියන්නෙ ජීවිතේ මුලාව දෝ...

සඳ රැහැන් වැටී සුනිල් දියේ

කුමුදු මල් දෙතොල් විදා පිපේ
සඳ රැහැන් වැටී සුනිල් දියේ
කුමුදු මල් දෙතොල් විදා පිපේ
හිරු ඇවිත් එ මල් දවාද

ඒ දුකත් වසන්ව යාද
මේ අරුත දෝ ආදරේ...
හඬන්න ළංව ඇති ඔබේ නුවන් පුරා

ඇඳෙන්නෙ ජීවිතේ කතාව දෝ
හෙළන්න බැරිව ලතවෙනා සුසුම් සදා
කියන්නෙ ජීවිතේ මුලාව දෝ...
ඇඳෙන්නෙ ජීවිතේ කතාව දෝ
කියන්නෙ ජීවිතේ මුලාව දෝ
කියන්නෙ ජීවිතේ මුලාව දෝ
",[]
63ba3b2f32c78dfa3bdd45a8,Hinahenne Mang (Nil Nayaniye),Ranidu Lankage,Bandula Nanayakkarawasam,Ranidu Lankage,Unknown,Unknown,Unknown,"හිනැහෙන්නෙ මං
මේ විල් තීරයේ
පියමැන්නේ…
ඔබ එක්ක.. මං
මෙ ගංගාවේ පැන යන්නේ
ඔබ හින්දා.. මං
මේ සංසාරෙ සැනසෙන්නෙ
අතගන්න…
රැකගන්න…
මට ඉන්න නිල් නයනියේ…

කිසිදා අදුරේ
හඩවන්නේ නෑ…
හඩවන්නේ නෑ…
හැඩුවත් සොදුරේ
රිද වන්නේ නෑ…
රිද වන්නේ නෑ…
දිවියේ මතුදා තනි වෙන්නෙ නෑ
ජීවිතේ හසරැල්
ආදරේ අභිමන්…

සිහිනේ සැතපී.. අපි ඉන්නේ නෑ..
පවනේ සැගවී.. අපි යන්නේ නෑ..
මෙලොවේ කිසිදා.. වෙන් වෙන්නේ නෑ
ප්‍රේමයේ අරුමේ..
ඒ ඔබේ මහිමේ…

හිනැහෙන්නෙ.. මං
මේ විල් තීරයේ
පියමැන්නේ…
ඔබ එක්ක මං
මෙ ගංගාවේ පැන යන්නේ
ඔබ හින්දා.. මං
මේ සංසාරෙ සැනසෙන්නෙ
අතගන්න…
රැකගන්න…
මට ඉන්න නිල් නයනියේ…

හිනැහෙන්නෙ.. මං
මේ විල් තීරයේ
පියමැන්නේ
ඔබ එක්ක.. මං
මෙ ගංගාවේ පැන යන්නේ
ඔබ හින්දා.. මං
මේ සංසාරෙ සැනසෙන්නෙ..
අතගන්න…
රැකගන්න…
මට ඉන්න නිල් නයනියේ…
නිල් නයනියේ…
නිල් නයනියේ…

කිසිදා අදුරේ..
හඩවන්නේ නෑ
හැඩුවත් සොදුරේ…
රිද වන්නේ නෑ…
දිවියේ මතුදා තනි වෙන්නෙ නෑ..
ජීවිතේ හසරැල්..
ආදරේ අභිමන්…

හිනැහෙන්නෙ මං
මේ විල් තීරයේ
පියමැන්නේ
ඔබ එක්ක.. මං
මෙ ගංගාවේ පැන යන්නේ
ඔබ හින්දා.. මං
මේ සංසාරෙ සැනසෙන්නෙ
අතගන්න..
රැකගන්න..
මට ඉන්න නිල් නයනියේ…

හිනැහෙන්නෙ මං
මේ විල් තීරයේ
පියමැන්නේ
ඔබ එක්ක.. මං
මෙ ගංගාවේ පැන යන්නේ
ඔබ හින්දා.. මං
මේ සංසාරෙ සැනසෙන්නෙ
අතගන්න..
රැකගන්න..
මට ඉන්න නිල් නයනියේ…
",[]
63ba3bdd32c78dfa3bdd45ab,Siyothune Uthurin,"Jagath Wickramasinghe, Nirosha Virajini",Bandula Nanayakkarawasam,Mohanraj Muttusamy,Unknown,Unknown,Unknown,"සියොතුනේ උතුටින්‌ මෙහි එන පියඹා
සියොතුනේ දකුණින්‌ එහි යන පියඹා
උතුරේ දිනු ගම පීරා

දකුණේ උන්‌ හා

අහසේ
අහසේ
අහසේ

හමුවන තැන කොතැනන්‌ ....//

සියොතුනේ උතුරින්‌ මෙහි එන පියඹා

මිනිසුනේ දෑ කුළගොත්‌ යදමින්‌ අප රිදවනා

ඔබගේ මුගුරින්‌ තව බැඳුනේ අප සිත්‌ සෑමදා ...

පෙම්‌ හැඟුම්‌ දෝතින්‌ ගෙන ආ
මනු දහම්‌ සේ හිසලා
ආදරයයඬේ තතු කියමී ඒ ඔබ හා

සියොතුනේ උතුරින්‌ මෙහි එන පියඹා
සියොතුනේ දකුණින්‌ එහි යන පියඹා

දකුණේ දිනු ගමි පීරා

උතුරේ උන්‌ හා

අහසේ
අහසේ
අහසේ

හමුවන තැන කොතැමන්‌
සියොතුනේ උතුරින්‌ මෙහි එන පියඹා

කිසි දිනේ ඔබ නොඉහෙලූ කඳුළින්‌ මා නළලතේ
ඔබගේ දෑතින්‌ ආදරයේ තිලකය අන්දවා ...//

පටු හැඟුම්‌ මේ කුළු සඳ දා

තටු සලා දුර පියඹා

ආදරයේ තතු කියමී ඒ ඔබ හා
සියොතුනේ දකුණින්‌ මෙහි එන පියඹා......

සියොතුනේ දකුණින්‌ මෙහි එන පියඹා
",[]
63ba3dc532c78dfa3bdd45ae,Guru Para Digata,Athula Adikari,Bandula Nanayakkarawasam,Rohana Weerasinghe,Guru Para Digata,Unknown,Unknown,"ගුරු පාර දිගට තරු හිනැහෙන රැයේ
පැතු හීන හිනාවෝ දුර ඈත ගියා දෝ
තනිකමේ කවිය කාට ඇස්‌ දෝ

ගුරු පාර දිගට
තරු හිනැහෙන රැයේ

අඳුරට මග අහුරා සඳ සළු පිළි පළඳා
ගැල්‌ මග එළිය කළත්‌ රැයේ

හැම දහ දුක්‌ උහුලා හිමිදිරියය්‍රම ඉඳලා
දහඩිය උකසට දුන්‌ දිනේ

අපෙ හිතේ දුකට එළිය නිවයි බරබාගලගේ

ගුරු පාර දිගට...

ගුරු පාර දිගට
තරු හිනැහෙන රැයේ

සුදු මල්‌ ඔසරිය හාමුතු පොට ගැන සිතලා
මැණිකේමග බලනා එවෙලේ ඒ සිහිනය සිඳ දා
හිස්‌ දෑතම විදහා වයිරෝ ගෙදර යමු ද කෙසේ
අපි අඬන විටත්කැකුළු පිපේ හඳපානේ

ගුරු පාර දිගට...

ගුරු පාර දිගට
තරු හිනැහෙන රැයේ
",[]
63ba3ec032c78dfa3bdd45b3,Sath Mahalin Basa Ennam Oba Ma Piligannawanam,"Karunarathna Divulgane, Nirosha Virajini",Bandula Nanayakkarawasam,Mahinda Bandara,Unknown,Unknown,Unknown,"සත්මහලින් බැස එන්නම්

ඔබ මා පිළිගන්නවනම්..
ආදරයේ පියගැටපෙළ පාර කියාවී..

මහ පොළොවට පිළිගන්නම්
සිටු සැප හැර එනවා නම් ..
ජීවිතයේ දුහුවිල්ලෙන් ඇස් බොඳවේවී...

සිරියහනේ පොකුරු පිච්ච් මල් තනිවේවි..
දුකට කරුණු අහස අසාවී..
පන් පැදුරේ අලුත් පැතුම් දළු ලියලාවී..
ඒ පැදුරෙන් අප නොවැටේවී...

සත්මහලින් බැස එන්නම්
ඔබ මා පිළිගන්නවනම්..
ආදරයේ පියගැටපෙළ පාර කියාවී..

මහ පොළොවට පිළිගන්නම්
සිටු සැප හැර එනවා නම් ..
ජීවිතයේ දුහුවිල්ලෙන් ඇස් බොඳවේවී...

සත්මහලට පෑයූ සඳ පැලටත් ඒවී..
ඔබේ ලොවට එලිය වැටේවී...
සඳ නාවත් මගේ පැලේ එලිය ගලාවී
ඔබට පුරා හඳ පරදීවී...

සත්මහලින් බැස එන්නම්
ඔබ මා පිළිගන්නවනම්..
ආදරයේ පියගැටපෙළ පාර කියාවී..

මහ පොළොවට පිළිගන්නම්
සිටු සැප හැර එනවා නම් ..
ජීවිතයේ දුහුවිල්ලෙන් ඇස් බොඳවේවී...
","[{'start': 518, 'end': 536, 'metaphor': 'ඔබට පුරා හඳ පරදීවී', 'explanation': 'ඇය ඔහුගේ ලෝකයට ආලෝකය ගෙනෙන තරම'}]"
63ba3f3832c78dfa3bdd45b6,Ek Pethi Malak Wiya,"Roshan Shantha Bulegoda,",Bandula Nanayakkarawasam,Jagath Jayawardane,Unknown,Unknown,Unknown,"එක් පෙති මලක් විය නුඹ මගෙ අත් දෙකට
නෙලා නොගත්තේ මගෙ බෝසත් කමට
හැර ගිය දිනේ නාවත් මා ගම් දොරට
ආවේ ඇයිද විරහී සිත අද්දරට

විස්මිත ගමට අදහන්නට බෑ තවම
මා හැර දමා නුඹ ගිය මග ගැන අරුම
සතු කරගන්න මුල් පෙම නොපිදූ බැවින
දුක්බර සිතට කීවෙමි නොහඩන ලෙසින

එක් පෙති මලක් විය නුඹ මගෙ අත් දෙකට
නෙලා නොගත්තේ මගෙ බෝසත් කමට
හැර ගිය දිනේ නාවත් මා ගම් දොරට
ආවේ ඇයිද විරහී සිත අද්දරට

සිටිනා කොදෙව්වක නුඹ් සැප විඳී නම්
මවෙතින් ලැබුනු ආදරයත් ලැබේ නම්
මතකය නුඹට හිරිහැරයක් නොවේ නම්

තව කුමකටද දුක් ගී කල්පනාවන්
තව කුමකටද දුක් ගී කල්පනාවන්
තව කුමකටද දුක් ගී කල්පනාවන්

ම්ම්…..ම්ම්හ්…
",[]
63ba3fc532c78dfa3bdd45b9,Pahana Thiya Budu Saduta,"Deepika Priyadarshani, Lelum Rathnayake",Bandula Nanayakkarawasam,Ananda Gamage,Unknown,Unknown,Unknown,"පහන තියා බුදු සාදුට හිමිදිරියේ

හැමදා දෙන්නා ගෙදරින් එනවා
ඇස් නොපෙනෙන අම්මා ගෙයි තනිකරලා
කෝච්චියේ විරිදු කියන්නට එනවා

අපි කෝච්චියේ විරිදු කියන්නට එනවා

ඉගෙන ගන්න ආස උනත්

ඉස්කොලේ පහු කරලා
එන්නේ අපි ඒ දිහාව වත් නොබලා
අම්මා රැක ගන්නේ අපි කවි කියලා

බිං ගේ තුල කළුවර වී
පුරුදු එළිය ළග එනාවා
කොළඔට යන කාටත් තිසරණ පතලා
මෙන් වැන්දා ජය ලැබෙන්නට අත් බැදලා

පහන තියා බුදු සාදුට හිමිදිරියේ
හැමදා දෙන්නා ගෙදරින් එනවා

ඇස් නොපෙනෙන අම්මා ගෙයි තනිකරලා
කෝච්චියේ විරිදු කියන්නට එනවා

අපි කෝච්චියේ විරිදු කියන්නට එනවා

ඊලග නැවතුම ආවම බැහැලා යනවා
නුවර බලා...
ඇත්නම් සතයක් දමන්න පිං සලකා
අහිතක් නෑ කාසි නැතත් අපි යනවා

පහන තියා බුදු සාදුට හිමිදිරියේ

හැමදා දෙන්නා ගෙදරින් එනවා
ඇස් නොපෙනෙන අම්මා ගෙයි තනිකරලා
කෝච්චියේ විරිදු කියන්නට එනවා

අපි කෝච්චියේ විරිදු කියන්නට එනවා
අපි කෝච්චියේ විරිදු කියන්නට එනවා
",[]
63ba42c232c78dfa3bdd45bc,Lande Ukula Uda,"Jackson Anthony, Kumari Munasinghe",Sangeeth Wickramasinghe,Rathna Sri Wijesinghe,Unknown,Unknown,Unknown,"ලන්දේ උකුල උඩ නින්ද ගිහින් හිටි

එරබදු ඇහැ ඇරිලා......
අන්න හිනා වෙනවා
ලන්දේ උකුල උඩ නින්ද ගිහින් හිටි
එරබදු ඇහැ ඇරිලා..
ලන්දේ උකුල උඩ නින්ද ගිහින් හිටි
එරබදු ඇහැ ඇරිලා......
අන්න හිනා වෙනවා
ලන්දේ උකුල උඩ නින්ද ගිහින් හිටි
එරබදු ඇහැ ඇරිලා..

නීල කොබෙයි පැටියන්ට ඇඳුම්

මුතු මාල පොටක් ගිරවුන්ට අරන්
නීල කොබෙයි පැටියන්ට ඇඳුම්
මුතු මාල පොටක් ගිරවුන්ට අරන්
රත්තරන් පාට කමතට ඉහළින්
රත්තරන් පාට කමතට ඉහළින්
කන්ද උඩින් එන ගෝමරියේ
දැන් ගමට වරෙන් - දැන් ගමට වරෙන්
ලන්දේ උකුල උඩ නින්ද ගිහින් හිටි
එරබදු ඇහැ ඇරිලා......
අන්න හිනා වෙනවා
ලන්දේ උකුල උඩ නින්ද ගිහින් හිටි
එරබදු ඇහැ ඇරිලා..

පන්සල් කන්දට සිරස නමං

ඉර දෙයියො ඇවිත් නවතා සක්මන්
පන්සල් කන්දට සිරස නමං
ඉර දෙයියො ඇවිත් නවතා සක්මන්
තෙල් දැමුව දොළොස්මහ පහන් වැටෙන්
තෙල් දැමුව දොළොස්මහ පහන් වැටෙන්
ගමරට එනවද පාන්දරින්
රන් එළිය අරන් - රන් එළිය අරන්
ලන්දේ උකුල උඩ නින්ද ගිහින් හිටි
එරබදු ඇහැ ඇරිලා......
අන්න හිනා වෙනවා
ලන්දේ උකුල උඩ නින්ද ගිහින් හිටි
එරබදු ඇහැ ඇරිලා..
ලන්දේ උකුල උඩ නින්ද ගිහින් හිටි
එරබදු ඇහැ ඇරිලා......
අන්න හිනා වෙනවා
ලන්දේ උකුල උඩ නින්ද ගිහින් හිටි
එරබදු ඇහැ ඇරිලා..
","[{'start': 242, 'end': 252, 'metaphor': 'නීල කොබෙයි', 'explanation': 'පුංචි දරුවන්'}, {'start': 761, 'end': 774, 'metaphor': 'රන් එළිය අරන්', 'explanation': 'හිරු එළිය/  හිරු රශ්මිය'}]"
63ba439332c78dfa3bdd45bf,Sanda Renu Galana,Theekshana Anuradha,Unknown,Unknown,Unknown,Unknown,Unknown,"සඳ රේණු ගලන
සඳ රෑක සිහිනයට
නුඹ ඈත ඉඳන් ඇවිදින්
මගේ පාලු හිතට
මනමාල කතා කියමින්
මනමාල කතා කියමින්

සඳ රේණු ගලන
සඳ රෑක සිහිනයට
නුඹ ඈත ඉඳන් ඇවිදින්
මගේ පාලු හිතට
මනමාල කතා කියමින්
මනමාල කතා කියමින්

අද සීත සුලඟ
මදහාස නගන විට
හිත කෝල උනිද මෙතරම්
ඒ දැනුම හැඟුම නොදනිම්

සඳ රේණු ගලන
සඳ රෑක සිහිනයට
නුඹ ඈත ඉඳන් ඇවිදින්
මගේ පාලු හිතට
මනමාල කතා කියමින්
මනමාල කතා කියමින්

ඔය වාසනාව
නෙතු දෑල දුලන ඒ
හිත කීරි ගැහෙන හැටිනම්
ඒ හැඟුම කෙලෙස පවසම්

සඳ රේණු ගලන
සඳ රෑක සිහිනයට
නුඹ ඈත ඉඳන් ඇවිදින්
මගේ පාලු හිතට

මනමාල කතා කියමින්
මනමාල කතා කියමින්
මනමාල කතා කියමින්
මනමාල කතා කියමින්
",[]
63ba43da32c78dfa3bdd45c2,Maa Ithn Yanna Yanawa,Sunil Edirisinghe,Rathna Sri Wijesinghe,Rohana Weerasinghe,Unknown,Unknown,Unknown,"මා ඉතින් යන්න යනවා

මට යන්න අවසරයි
මට අරන් යන්න ඇත්තේ
ඒ මතකය විතරයි

මා ඉතින් යන්න යනවා
මට යන්න අවසරයි
මට අරන් යන්න ඇත්තේ
ඒ මතකය විතරයි

නුඹ සඳක් වෙලා පායා
මට එලිය වුනු වගයි
නුඹ සඳක් සේම බැස යයි
මට අයිති කළුවරයි
මගෙ මතක එපමණයි

මා ඉතින් යන්න යනවා

මට යන්න අවසරයි
මට අරන් යන්න ඇත්තේ
ඒ මතකය විතරයි

සඳ එලිය අයිති ලොවටයි
සඳ අයිති අහසටයි
ඉනි කඳුළු බිංදු විතරක්
මේ බිමට වැටෙනු ඇයි
මට උරුම එපමණයි

මා ඉතින් යන්න යනවා

මට යන්න අවසරයි
මට අරන් යන්න ඇත්තේ
ඒ මතකය විතරයි
",[]
63ba446632c78dfa3bdd45c5,Mee Kandulu Binduwa,"Sunil Edirisinghe,",Rathna Sri Wijesinghe,Rohana Weerasinghe,Unknown,Unknown,Unknown,"මේ.... කඳුළු බිංදුව මගෙ නොවෙයි

එය ඔබේමයි....
එය ඔබේමයි

මේ.... කඳුළු බිංදුව මගෙ නොවෙයි
එය ඔබේමයි....
එය ඔබේමයි

ඇඳ වියන ලඟ අඩ සඳින් දිදුලන

මළ තාරකාවක සිහිල කැටිවුන
ඇඳ වියන ලඟ අඩ සඳින් දිදුලන
මළ තාරකාවක සිහිල කැටිවුන
මේ... කඳුළු බිඳුවේ අයිතිකාරිය ඔබ තමයි

හඞන්නට කිසිදා නොදැන සිටි මට

මළ පොත කියාදී නොකියාම ගිය
හඞන්නට කිසිදා නොදැන සිටි මට
මළ පොත කියාදී නොකියාම ගිය
මේ... කඳුළු බිඳුවේ අයිතිකාරිය ඔබ තමයි

මේ.... කඳුළු බිංදුව මගෙ නොවෙයි

එය ඔබේමයි....
එය ඔබේමයි

මේ.... කඳුළු බිංදුව මගෙ නොවෙයි
",[]
63ba456d32c78dfa3bdd45cf,Muthu Manik Epa,"Milton Perera, Shrimathi Thilakarathne",Prema Keerthi De Alwis,Unknown,Unknown,Unknown,Unknown,"මුතු මැණික් එපා දියමන්ති එපා ඔබ මා ළඟ ඇතොත් ළදේ
තරු මිණත් එපා හිරු සඳුත් එපා ඔබ මා ළඟ නැතොත් ළදේ
බොරු කියන්නෙපා බොරු කියන්නෙපා උපමා තව පලක් නැතේ
හිත් දෙකක් කපා වෙන් කරන්න බෑ විශ්වාසය ඇතොත් සිතේ

හිරු හා නෙළුම් ඇත බැඳී – පිණි හා අරුණ සුව විඳී
මතු දා දිළිඳු පැළකදී – නැවතී ඉන්න සෙවණ දී
සිත හා සිතන සිතුවිලි – සරසා සදන සැණකෙළි
දෙනෙතේ නැගෙන කඳුළැලි – පිසදා මවනු සැණකෙළි

මුතු මැණික් එපා දියමන්ති එපා ඔබ මා ළඟ ඇතොත් ළදේ
තරු මිණත් එපා හිරු සඳුත් එපා ඔබ මා ළඟ නැතොත් ළදේ
බොරු කියන්නෙපා බොරු කියන්නෙපා උපමා තව පලක් නැතේ
හිත් දෙකක් කපා වෙන් කරන්න බෑ විශ්වාසය ඇතොත් සිතේ

ඔබ මා ළඟම ගැවසිලා – මවනා සතුට උතුරලා
ගංගා විලස ගල ගලා – යන්නා සයුර වෙත බලා
සයුරේ වෙරළ අසලදී – බැඳිලා මුවට මුහුණ දී
මුසු වී ඉන්න හිත දිදී – එනවා ළඟම දිනකදී

මුතු මැණික් එපා දියමන්ති එපා ඔබ මා ළඟ ඇතොත් ළදේ
තරු මිණත් එපා හිරු සඳුත් එපා ඔබ මා ළඟ නැතොත් ළදේ
බොරු කියන්නෙපා බොරු කියන්නෙපා උපමා තව පලක් නැතේ
හිත් දෙකක් කපා වෙන් කරන්න බෑ විශ්වාසය ඇතොත් සිතේ
",[]
63ba45ca32c78dfa3bdd45d2,Malliye Naraka Mithuran,Sunil Edirisinghe,Sunil Ariyarathna,Rohana Weerasinghe,Unknown,Unknown,Unknown,"මල්ලියේ නරක මිතුරන් පිලිගන්න එපා..

නංගියේ නොහොබිනා කම් හුරු වෙන්න එපා..
බෝගම්බර සිපිරිගෙදරට එන්න එපා..
හතුරෙකුට වත් මට වන් දුක වෙන්න එපා..

දළදා මැදුරේ තේවා හඩ රැව්දෙනවා..

කල පව් මතක් වී දෑසම තෙත් වෙනවා..
සියක් වාරයක් මැරි මැරි උපදිනවා..
තිබහට වතුර වෙනුවට කදුලැලි බොනවා..

ලැබුවේ අවවාද නොහිබින ආරකය..
දුදනන් නිසා විය සෙනසුරු මාරකය..
මම පෙර ගියේ වරදින් පිරි පාරකය..
ඒ ගිය මගේ අවසානය පෝරකය..
",[]
63ba468732c78dfa3bdd45d5,Samanalain Pata Pata,Uresha Ravihari,Somarathne Disanayake,Rohana Weerasinghe,Unknown,Unknown,Unknown,"සමනළයින්පා ට පාට..

කනමැදිරීයො.. රෑට රෑට.. 
සිනිඳු වළා ඈත ඈත..
හරි සොඳුරැයි..
සෑමදාම..

සමනළයින් පාට පාට..

දිය දහරක පෙණ බුබුළු..
ගෙළ වටළු මුතු පබළු..
දිය දහරක පෙණ බුබුළු..
ගෙළ වටළු මුතු පබළු..
තුරු වදුළු, මල් කැකුළු, හරි හැඩලූ..
අපි වගෙලූ..

සමනළයින් පාට පාට..

තණ පළසේ පිණි බිංදූ..
උඩ අහසේ තරු රැන්දූ..
තණ පළසේ පිණි බිංදූ..
උඩ අහසේ තරු රැන්දූ..
රස කැන්දූ,මන බැන්දූ,කවි කරමූ..
කවි සින්දූ..

සමනළයින් පාට පාට..

දේදුනේ පාට හතයි..
මුතු පිනේ මල්දගෙතෙයි..
දේදුනේ පාට හතයි..
මුතු පිනේ මල්දගෙතෙයි..
සියොතුන්නේ,ගී ගයතේ,මෙලෙසින් මේ..
ලොවම හැඩයි..

සමනළයින් පාට පාට..
සමනළයින් පාට පාට..
",[]
63ba47e132c78dfa3bdd45d8,Sigiri Apsarawa Kandan Ennata,Asanka Priyamantha,Rathna Sri Wijesinghe,Unknown,Unknown,Unknown,Unknown,"සිගිරි අප්සරාව.....

(සිගිටර අප්සරාව කැන්දන්‌ වන්නට
මට අමමේ අවසර

එන පෝය හදත්‌ ගමට ඇවිත්‌
යන්නට පලමුව

මට අම්මේ අවසර ...//)

ඈ දෙපැත්තෙන්ම නෑකම්‌ ඇති
රාජවංශයට

මලෙන්‌ උපන්නා වාගේ

පිටසිදු කනනාවිය

පුඑකුල සිහින්‌ ඉග සදවත
සැබැම දෙවගන

සිගිරි අප්සරාව ....

ආලකමන්දා දෝණියන්ට
කොහින්ද අගහිග

කලා වැවයි තිසා වැවයි
ඇති දෑවැද්දට

සත්සියක්‌ කවින්‌ ඇවිත්‌ කියයි
ආසිරි මංගල

සිගිරි අප්සරාව ...///

","[{'start': 0, 'end': 14, 'metaphor': 'සිගිරි අප්සරාව', 'explanation': 'පෙම්වතිය'}, {'start': 160, 'end': 173, 'metaphor': 'මලෙන්\u200c උපන්නා', 'explanation': 'ඉතා රූමත්'}]"
63ba488332c78dfa3bdd45db,Paatha Indan Api Awe,Victor Rathnayake,Rathna Sri Wijesinghe,Unknown,Unknown,Unknown,Unknown,"පාත ඉඳන් අපි ආවේ

නාමල් පූජා කරන්න
දළදා හාමුදුරුවනේ...
පාත මාලයට වඩින්න

පාත ඉඳන් අපි ආවේ
නාමල් පූජා කරන්න
දළදා හාමුදුරුවනේ...
පාත මාලයට වඩින්න


හීල් හෙවනෙ ඉඳගෙන බෑ
හේන් කුඹුරු වැඩ කරන්න
හීල් හෙවනෙ ඉඳගෙන බෑ

හේන් කුඹුරු වැඩ කරන්න
ඇඟපත කළු වුණත් අපේ
කිළි කුණු නැති හිත බලන්න
දළදා හාමුදුරුවනේ...
පාත මාලයට වඩින්න

පාත ඉඳන් අපි ආවේ

නාමල් පූජා කරන්න
දළදා හාමුදුරුවනේ...
පාත මාලයට වඩින්න


මූදු ගියා ලෙලි තැළුවා
පිළී ගඳින් බෑ මිදෙන්න
මූදු ගියා ලෙලි තැළුවා
පිළී ගඳින් බෑ මිදෙන්න
ඒත් අපේ මල් සුවඳයි
එපා බාර නොගෙන ඉන්න
දළදා හාමුදුරුවනේ...
පාත මාලයට වඩින්න

පාත ඉඳන් අපි ආවේ

නාමල් පූජා කරන්න
දළදා හාමුදුරුවනේ...
පාත මාලයට වඩින්න
දළදා හාමුදුරුවනේ...

පාත මාලයට වඩින්න
","[{'start': 72, 'end': 81, 'metaphor': '\nපාත ඉඳන්', 'explanation': 'පහල සාමාජ පංතිය '}, {'start': 250, 'end': 274, 'metaphor': 'කිළි කුණු නැති හිත බලන්න', 'explanation': 'දුප්පත් උනත් ආකල්ප අතින් පොහොසත් හදවතක්'}]"
63ba493832c78dfa3bdd45de,Mala Girawiye,Karunarathna Divulgane,Rathna Sri Wijesinghe,H. M. Jayawardena,Unknown,Unknown,Unknown,"මාල ගිරවියේ....... 
මාල ගිරවියේ.......

මට ඔබත් එක්ක අපේ ගමට පියාඹන්න ආස​යි

මම දන්න කියන ගහ කොළ මල්
පෙන්නන්නට ආසයි
මාල ගිරවියේ....මාල ගිරවියේ..

දුර නෑයො පවා ගේ දොරකඩ එකතු වෙලා හිදීවී
මගෙ මාලෙ සැබෑ රත්තරන්ද අතගාලා බලාවී
මේ සේඳ ඇදුම් ඉල්ලගත්තෙ කාගෙන්දැයි අසාවී

මාල ගිරවියේ........

මාල ගිරවියේ.......

මට ඔබත් එක්ක අපේ ගමට පියාඹන්න ආස​යි

මම දන්න කියන ගහ කොළ මල්
පෙන්නන්නට ආසයි
මාල ගිරවියේ....මාල ගිරවියේ..

මගෙ උරතලයේ හිස තියාන හෙමිහිට ඉකි බිදීවී
අපෙ නැතිබැරිකම් මේතරමට අමිහිරිදැයි අසාවී
ඒ නිසා තවත් ටික දවසක් ඉවසමු අපි කුමාරී

මාල ගිරවියේ........
මාල ගිරවියේ.......

මට ඔබත් එක්ක අපේ ගමට පියාඹන්න ආස​යි
මම දන්න කියන ගහ කොළ මල්
පෙන්නන්නට ආසයි
මාල ගිරවියේ....මාල ගිරවියේ..

මාල ගිරවියේ....මාල ගිරවියේ..

මාල ගිරවියේ....මාල ගිරවියේ..
","[{'start': 0, 'end': 11, 'metaphor': 'මාල ගිරවියේ', 'explanation': 'තරුණිය'}, {'start': 90, 'end': 100, 'metaphor': 'ගහ කොළ මල්', 'explanation': 'තරුණයා ආශ්\u200dරය කරන පුද්ගලයන්'}, {'start': 61, 'end': 69, 'metaphor': 'පියාඹන්න', 'explanation': 'රැගෙන යන්න'}]"
63ba4b1032c78dfa3bdd45e3,Sanda Kindura Miyagiya,Janaka Wickramasinghe,Unknown,Unknown,Unknown,Unknown,Unknown,"සඳ කිඳුරා මිය ගියා
ගමට එන්න නංගියේ
පසලොස්වක පොය දා
අවසන්‌ කටයුතු කලා

ගමෙ නාඩ ගම පොලේ
කිඳුරිය වී නුඹ එදා

ගැයු ලිය ගී විකුණන්නට
කෙලොම තොටට ඉගිලුනා
කණ කෙකිණිය ගමට ඇවිත්‌
ඇඬුවා නුඹ ගැන කියා

වෙල්‌ ඳෙනි ඔඕවිටි පුරා
තනිවම සී පද කියා

තනිව හිටිය කින්නරා

ලය දැඳුරව මිය ගියා

කණ කෙකිණිය හඩන්නෙ නැ
ඇහේ කඳුලු නැති නිසා
","[{'start': 147, 'end': 157, 'metaphor': 'කණ කෙකිණිය', 'explanation': 'විඩාපත් වූ / ශෝකයට පත් යුවතිය'}, {'start': 128, 'end': 138, 'metaphor': 'කෙලොම තොටට', 'explanation': 'වර්තමාන කොළඹ  '}]"
63ba4f2d32c78dfa3bdd45e8,Mata Gamata Enna,Amarasiri Peris,Rathna Sri Wijesinghe,Pemasiri Kemadasa,Unknown,Unknown,Unknown,"මට ගමට එන්න ගමට එන්න
කුරුළු පිහාටුවක් එවන්න
පොඩි මල්ලි අතේ අනේ අම්මෙ
කුරුළු පිහාටුවක් එවන්න //

කළු දුමින් වැසුණු ගම්දොර නොපෙණෙයි
මං වැලහෙයි පය මරු වැල් පැටලෙයි
ඇන්ටෙනා තුරෙන් තුර පසු කර
පියසි උඩින් ඉගිල්ලෙන්න
අම්මෙ මට කුරුළු පිහාටුවක් එවන්න

මට ගමට එන්න ගමට එන්න
කුරුළු පිහාටුවක් එවන්න
පොඩි මල්ලි අතේ අනේ අම්මෙ
කුරුළු පිහාටුවක් එවන්න 

මුළු නුවරම ගිනිගත් සැණකෙළියයි
හිස බරයි මගේ හද මිට කකියයි
එන පාළොස්වක පෝය දා ට
හඳ වාගේ ඔබ දකින්න
අම්මෙ මට කුරුළු පිහාටුවක් එවන්න 

මට ගමට එන්න ගමට එන්න
කුරුළු පිහාටුවක් එවන්න
පොඩි මල්ලි අතේ අනේ අම්මෙ
කුරුළු පිහාටුවක් එවන්න 

","[{'start': 21, 'end': 38, 'metaphor': 'කුරුළු පිහාටුවක් ', 'explanation': 'පණිවිඩයක්'}, {'start': 96, 'end': 106, 'metaphor': 'කළු දුමින්', 'explanation': 'ඝන අන්ධකාරය '}, {'start': 348, 'end': 366, 'metaphor': 'ගිනිගත් සැණකෙළියයි', 'explanation': 'යුධ බිම'}, {'start': 367, 'end': 375, 'metaphor': 'හිස බරයි', 'explanation': 'වේදනාවෙන්  / කම්පාවෙන් '}]"
63ba4fff32c78dfa3bdd45eb,Mal Pan Podak,Bathiya n Santhush,Wasantha Dukgannarala,Bathiya Jayakody,Unknown,Unknown,Unknown,"මගෙ සිහිනේ ඔබයි
මගෙ සිහිනේ ඔබයි
තනි යහනේ නොවෙයි
ආදරයේ හද උණුසුම ඔබයි
ඔබෙ සෙනෙහේ මගෙයි
ඔබෙ සෙනෙහේ මගෙයි
තනි යහනේ නොවෙයි
ආදරයේ ඔබ මුතුලැල් වටී
මගෙ සිහිනේ ඔබයි
ඔබෙ සෙනෙහේ මගෙයි
තනි යහනේ නොවෙයි
(නොවෙයි)
ආදරයේ හද උණුසුම ඔබයි
මල් පැන් පොදක්
කිනිත්තක් අගින්
ඉසින්නා වගෙයි මට ඔබේ
ආදරේ
මල් පැන් පොදක්
කිනිත්තක් අගින්
ඉසින්නා වගෙයි මට ඔබේ
ආදරේ
නෙළුමක් නෙළුමක් අරං
මගෙ සිහිනේ ඔබයි
ඔබෙ සෙනෙහේ මගෙයි
තනි යහනේ නොවෙයි
(නොවෙයි)
ආදරයේ හද උණුසුම ඔබයි
ඔබගෙන් තරම් ලැබූ පෙම්
වදන්
ඉතිං ආදරෙයි නම්
බෝහෝමයි හැගුම්
ඔබගෙන් තරම් ලැබූ පෙම්
වදන්
ඉතිං ආදරෙයි නම්
බෝහෝමයි හැගුම්
අහසක් අහසක් තරම්.
මල් පැන් පොදක්
කිනිත්තක් අගින්
ඉසින්නා වගෙයි මට ඔබේ
ආදරේ
ඔබගෙන් තරම් ලැබූ පෙම්
වදන්
ඉතිං ආදරෙයි නම්
බෝහෝමයි හැගුම්
මල් පැන් පොදක්
කිනිත්තක් අගින්
ඉසින්නා වගෙයි මට ඔබේ
ආදරේ
ඔබගෙන් තරම් ලැබූ පෙම්
වදන්
ඉතිං ආදරෙයි නම්
බෝහෝමයි හැගුම්
මල් පැන් පොදක්
",[]
63ba519d32c78dfa3bdd45ef,Ma Nowe E Ravana,"Sashika Nisansala, Akalanka Ganegama",Wasantha Dukgannarala,Akalanka Panapitiya,Unknown,Unknown,Unknown,"මා නොවේ ඒ රාවණා ප්‍රේමයෙන් මං නෑ වුණා

මීදුමක් සේ මී මුරෙන් මිදෙනා
මා නොවේ ඒ රාවණා...

හිත බින්ද දුණු දිය ඇද්දෙ නෑ මා

ඔබ ලගින් හිදිනා මන්දෝදරී සැලුනා
තාම නාඩා ඉන්නේ ඇයි මා...

මා නොවේ ඒ රාවණා...

ඔටුන්නෙන් ගිලිහී සැලෙනා මැණික් ගල් අහුලා

සයණයට පිටදී බිසවුන් ඇස් පියා සිටියා
දඬුමොණරේ වැටුනා ඔබ වෙත කෝම එන්නද මා
තාම නාඩා ඉන්නේ ඇයි ඈ...


කප්පරක් දුක මා වැයුවේ මුදු සිනා සලලා

ලක්කනින් දලුලා ගිණිගෙන මා දැවී තිබුණා
වේදනා දැනෙනා හැමතැන රාවණා සිටියා
තාම නාඩා ඉන්නේ ඇයි මා...

මා නොවෙයි ඵ් රාවණා ප්‍රේමයෙන් මං නෑ වුණා

මීදුමක් සේ මී මුරෙන් මිදෙනා...
",[]
63ba52e732c78dfa3bdd45f4,Nura Wasanthe,Nadeemal Perera,Uma Aseni,Pasan Liyanage,Unknown,Unknown,Unknown,"අඳුරේ ගිලී තනිවීලා මෙසේ

නාඩන් ඉතින් සොඳුරී මගේ
නොසිතා සිතා අතීතේ එදා
බිඳුනාට මණිමේඛලා...
පිලිගන්නෙ මා නුඹ සීතාව සේ
හද මන්දිරේ සරසලා.

අඳුරේ ගිලී තනි වීලා මෙසේ
නාඩන් ඉතින් සොඳුරී මගේ
නොසිතා සිතා අතීතේ එදා
බිඳුනාට මණිමේඛලා...
පිලිගන්නෙ මා නුඹ සීතාව සේ
හද මන්දිරේ සරසලා...

ගංඟා තරංගා පරදන්නෙපා

ඔය දෑස කඳුලින් තෙමා...
පාවී ගියාවේ අතීතේ කතා
සැඩ මාරුතේ රැලි හමා...
නළලේ නුඹේ ඇන්ද තිලකේ පවා
කියාවී මගේ ප්රාර්ථනා...
ප්රේමේ නුරා වසන්තේ ගෙනා
පින්සාර ළඳ නුඹ නිසා...
පිලිගන්නෙ මා නුඹ සීතාව සේ
හද මන්දිරේ සරසලා...

ඔය දෑසෙ පා ඒ මනබන්දනා
පෙම්වන්ත සුරතල් සිනා...
සැනසෙන්න මාගේ ළයේ සැතපිලා
නව සඳ දිහා බල බලා...
භවයෙන් භවේ එන්න මතු ඉපදෙනා
සංසාර පතිනිය වෙලා...

ප්රේමේ නුරා වසන්තේ ගෙනා

පින්සාර ළඳ නුඹ නිසා
පිලිගන්නෙ මා නුඹ සීතාව සේ
හද මන්දිරේ සරසලා
ප්රේමේ නුරා වසන්තේ ගෙනා
පින්සාර ළඳ නුඹ නිසා
පිලිගන්නෙ මා නුඹ සීතාව සේ
හද මන්දිරේ සරසලා
","[{'start': 107, 'end': 115, 'metaphor': 'සීතාව සේ', 'explanation': 'පතිවෘතාව සිඳුනද පවිත්\u200dර ලෙස පිලිගැනීමක්'}]"
63ba536a32c78dfa3bdd45f7,Hirimal Wayasata,"Ashanthi, Mahesh Nishshanka",Wasantha Dukgannarala,Ravihans Watakepotha,Unknown,Unknown,Unknown,"දැන් දැන් තනිකඩ කම් මොකටද

සුන්දර හදකට සිත දුන්නම
හිරිමල් වයසට මොනවා හිතෙන්නට බැයිද
දැන් දැන් තනිකඩ කම් මොකටද
සියුමැලි ළඳකට සිත දුන්නම
හිරිමල් වයසට මොනවා හිතෙන්නට බැයිද

ලස්සන නැද්ද ඉතින්

ඇස් මෙන් මා නලවන
ලස්සන නැද්ද ඉතින් මෙතරම්
ලස්සන නැද්ද ඉතින්
ඇස් මෙන් මා නලවන
ලස්සන නැද්ද ඉතින් මෙතරම්

දැන් දැන් තනිකඩ කම් මොකටද

සුන්දර හදකට සිත දුන්නම
හිරිමල් වයසට මොනවා හිතෙන්නට බැයිද
දැන් දැන් තනිකඩ කම් මොකටද
සියුමැලි ළඳකට සිත දුන්නම
හිරිමල් වයසට මොනවා හිතෙන්නට බැයිද
මන් දැන් නරකද පෙම් මල් අරගෙන
මන් එන්නද හෙට හෙට හවසට
හිරිමල් වයසට මොනවා හිතෙන්නට බැයිද

චුට්ටන් හිතකට දුක් දෙනකොට
මම නරකද හරි නපුරුද
හිරිමල් වයසට මොනවා හිතෙන්නට බැයිද

දැන් දැන් තනිකඩ කම් මොකටද
සුන්දර හදකට සිත දුන්නම
හිරිමල් වයසට මොනවා හිතෙන්නට බැයිද
මන් දැන් නරකද පෙම් මල් අරගෙන
මන් එන්නද හෙට හෙට හවසට
හිරිමල් වයසට මොනවා හිතෙන්නට බැයිද

පවුරක් වෙන්න

තවලං වෙන්න
ගුලිවී ඉන්න
බැහැ දුර යන්න

ලස්සන නැද්ද ඉතින්

ඇස් මෙන් මා නලවන
ලස්සන නැද්ද ඉතින්

මෙතරම්
","[{'start': 50, 'end': 62, 'metaphor': 'හිරිමල් වයසට', 'explanation': 'තරුණ වයස'}]"
63ba541a32c78dfa3bdd45fa,Sobani,"Chanuka Mora, Chehara",Unknown,Unknown,Kalu Sudu,2021,Unknown,"ඕකනේ බැරි සුන්දර ලඳකට
මේ වගේ කරදර උහුලන්නට
තේරුණේ නැතුවට නුඹෙ කරුමෙට
ප්රේමෙයේ වැලපෙනු ඇයි සදහට

සෝබනී නුඹ දන්නැතී මේ
ආදරේ නිම් හිම් නැතී
හාද වී මගෙ හොඳ ගති
වටහාලා ගන්නේ නම් වටී

නීච වී ඩිංගක් හරී
ග්රහ මණ්ඩලේ වරදක් ඇතී
ආල වී ඇයි මේ හැටී
දකිනා හැමෝටම හිමි නැතී

ජීවිතේ හරි ලස්සන තැනකට
පා වුණේ නුඹ ආවිට මතකෙට
මා ලයේ කැලතෙන පෙම් හැඟුමට
තීරණේ විතරක් ඇති හනිකට

සෝබනී නුඹ දන්නැතී මේ
ආදරේ නිම් හිම් නැතී
හාද වී මගෙ හොඳ ගති
වටහාලා ගන්නේ නම් වටී

නීච වී ඩිංගක් හරී
ග්රහ මණ්ඩලේ වරදක් ඇතී
ආල වී ඇයි මේ හැටී
දකිනා හැමෝටම හිමි නැතී

හ්ම්ම්, දන්නැතී මේ
ආදරේ නිම් හිම් නැතී
හාද වී මගෙ හොඳ ගති
වටහාලා ගන්නේ නම් වටී

සෝබනී නුඹ දන්නැතී මේ
ආදරේ නිම් හිම් නැතී
හාද වී මගෙ හොඳ ගති
වටහාලා ගන්නේ නම් වටී

නීච වී ඩිංගක් හරී
ග්රහ මණ්ඩලේ වරදක් ඇතී
ආල වී ඇයි මේ හැටී
දකිනා හැමෝටම හිමි නැතී
",[]
63ba55e232c78dfa3bdd4600,Japura Premaya,Kasun Kalhara,Wasantha Dukgannarala,Darshana Ruwan Disanayake,Unknown,Unknown,Unknown,"හන්තාන නැතිමුත්‌ ජපුරේ
තාම සිහිවෙන කස ගස්‌
මල්‌ බැම්ම ලගම පඳුරේ
මටම ගිමි උන ඔය ඇස්‌
කඳුලු උතුරන පෙම්‌ බස්ක්‍,

සසර අතු අග පිපෙයි මල්‌
මැයි මාර ගස්‌ කෙළවරේ
සරසවිය ළඟ අඳුරේ

පැරණි ප්‍රේමය මිය ගියේ
කිමද වෙනතක ගිත ගියෙඤ..

පොකුණ මැදටම විසි කළේ

පෙමි කළාටද මිතුරනේ

බැඳුන පළමු වසරේ

ඒගොඩ වත්තට අත වනයි
මෙගොඩ වෙන්නට බැරි හැඩයි.

හන්තාන නැතිමුත්‌ ජපුරේ
තාම සිහිවෙන කස ගස්‌
මල්‌ බැම්ම ලගම පඳුරේ
මටම ගිමි උන ඔය ඇස්‌
කඳුලු උතුරන පෙම්‌ බස්ඤ,
",[]
63ba569432c78dfa3bdd4604,Sudu Neluma Ko,Amaradewa W D,Rathna Sri Wijesinghe,Amaradewa W D,Unknown,Unknown,Unknown,"සුළු නෙළුම කෝ සොර බොර වැවේ
මල්‌ සුවඳ කෝ මහියංගනේ
පුන්‌ පෝයදා පාළොස්වකේ
මල්‌ නෙළා විකිණූ පන්සලේ

වැවට කලවර යා වුනා
සංසාර දුක බා වුනා
නෙළු මල්‌ මිට ඉහිරැනා
එහා ඉවුරට පාවුනා

සුළු නෙළුම කෝ....

සිහින්‌ සිරිපොද වෑහුනා
ඉවුරැ දෙකොපුල එසේදුනා
සුළු නෙළුම්‌ මල දෑස පියවී
ලමහා ඉවුරට පාවුනා

සුළු නෙළුම කෝ...

","[{'start': 0, 'end': 10, 'metaphor': 'සුළු නෙළුම', 'explanation': 'දියේ ගිලී මරණයට පත් වූ දියණිය'}, {'start': 132, 'end': 153, 'metaphor': 'නෙළු මල්\u200c මිට ඉහිරැනා', 'explanation': 'දියණියගේ මරණය '}, {'start': 214, 'end': 235, 'metaphor': 'ඉවුරැ දෙකොපුල එසේදුනා', 'explanation': 'සිදු වු විපත නිසා ස්වභාවධර්මයාගේ ශෝකය'}]"
63ba574732c78dfa3bdd4607,Sonduri,Sangeeth Wijesuriya,Dukgannarala,Ravihans,Unknown,Unknown,Unknown,"මා දමා නොයනු සොදුරි
මෙි මහා අදුරේ
ජිිවිතේ කිසිදාක නොනැගිි
ශෝකයෙනි රිදුනේ//

තනිකමයි දැනුනෙ
මටයි හැඩුනේ
හිතයි සැලුනේ
හදාගෙන ඉන්නට මගෙ සිත
නොදෙන්නෙ මොකටද
දෙඩුවා මතකද සොදුරැ තෙපුල් මට//

මුරැගසන් වරැසාව වැස්සට
මම නෙමෙයි සැලුනේ
දැදුරු ඔය උතුරා ගියත් නෑ
ආදරේ බිදුනේ
මා දමා නොයනු සොදුරි ...

කිවිිව දේ මතකයි
හොඳට මතකයි
බිඳුන හදකින් පුදන්නට
පෙුමය ලාබෙට එවුවට ලැබුනද
අතරමගදී පැන යන්නට සිතුනද //

මා දමා නොයනු සොදුරි ...//
","[{'start': 184, 'end': 199, 'metaphor': 'මුරැගසන් වරැසාව', 'explanation': 'ජීවිතේ ඇති ප්\u200dරශ්න '}]"
63ba57e432c78dfa3bdd460a,Heena Maka,Harshadewa Ariyasinhe,Charitha Attalage,Charitha Attalage,Unknown,Unknown,Unknown,"තැවෙනා ඒ සිත නොදැනී වගේ
වැටෙනා කඳුළු නොදැනී වගේ
දැවෙනා ඒ දුක නොදැනී වගේ
මං ආවා

ඒ සිත සඟවන් මෙසේ
වැටෙනා කඳුළු සඟවන් මෙසේ
දැවෙනා ඒ දුක සඟවන් මෙසේ
මං ආවා

හීන මකා, හංගාලා මං ආවා
රවටාලා, මුමුනා-සඟවා මං ආවා (ආ, ආ-ආ)
හීන මකා, හංගාලා මං ආවා
ඒ, රවටාලා, මුමුනා-සඟවා මං ආවා

Ravi Jay
Westනාහිර
මා ගැන හිතනා
මගෙ උණුහුම හොයනා
නිදි යහනට වෙලා
මං එනකං නොනිදා
මගෙ භාරියට හොරා
ඇගෙ ලොවෙ තනි කරලා
යටිහිත රවටලා
උඩු හිත මං ආවා

ඇත නිමකෙරුමට මුදුනට ගොඩගැසි බොරු රාජකාරි
නුඹෙ ඇමතුම එද්දී ආවරන කලාපෙන් මං බැහැරව යාවී
හැමදා කන රස ඇති වෙලා පිටින් කමි සඳ, මං පමාවේවි
ගත මගෙ, ඇය මත, නුඹෙ හිතෙ, මං ගැන නොදනී, මං ද්රෝහී
කාමය ඇවිලෙන්නෙ ආදරෙ මත හදින් හද එකවෙන තැන
ඒ හිත තැන, තැන යනවනං ආලෙයි, කාමෙයි
එක වෙන්නෙ කෙසේද? මට දෙකක්, ඒ දෙක
තාවකාලික හිතක, තාවකාලික කුමරා, වෙන එක වෙනම රසකි
උගුරට හොරා බොන බෙහෙතක
දැනෙන සැප විඳින එක නුඹ නොදනී
වගෙ ඉන්න සඳ, මතුවට එන දින
යන්න වෙනකොට, මේ කයෙන් ගැලවිලා වෙන්න බෑ
පසුතැවෙන්න බෑ, එදින බෑ
හිතෙන්න මා හිතට, මං වින්දෙ මොනවද? ජීවිතෙ අවසානෙට
නුඹ ඔතන, මං මෙතැන
විඳිනවා ඈ එක්ක මත රාගය
යටි හිත රවටලා මං ආවා
උඩුහිත ඉල්ලන අන් සැපට

තැවෙනා ඒ සිත නොදැනී වගේ
වැටෙනා කඳුළු නොදැනී වගේ
දැවෙනා ඒ දුක නොදැනී වගේ
මං ආවා

සඟවන් මෙසේ
වැටෙනා කඳුළු සඟවන් මෙසේ
දැවෙනා ඒ දුක සඟවන් මෙසේ (Ravi Jay)
මං ආවා (Charitha, Harsha, Westනාහිර))
හීන මකා, හංගාලා මං ආවා
රවටාලා, මුමුනා-සඟවා මං ආවා (ආ, ආ-ආ)
හීන මකා, හංගාලා මං ආවා
ඒ, රවටාලා, මුමුනා-සඟවා මං ආවා

Westනාහිර
මා ගැන හිතනා
මගෙ උණුහුම හොයනා
නිදි යහනට වෙලා
මං එනකං නොනිදා
මගෙ භාරියට හොරා
ඇගෙ ලොවෙ තනි කරලා (Ravi Jay)
යටිහිත රවටලා (Charitha)
උඩු හිත මං ආවා (Harsha)
ඇත නිමකෙරුමට මුදුනට ගොඩගැසි බොරු රාජකාරි
නුඹෙ ඇමතුම එද්දී, ආවරන කලාපෙන්, මං බැහැරව යාවී
හැමදා කන රස ඇති වෙලා, පිටින් කමි සඳ, මං පමාවේවි
ගත මගෙ, ඇය මත, නුඹෙ හිතෙ, මං ගැන නොදනී, මං ද්රෝහී
","[{'start': 153, 'end': 160, 'metaphor': 'හීන මකා', 'explanation': 'බලාපොරොත්තු '}]"
63ba584232c78dfa3bdd460d,Galana Ganga,"Charitha Attalage, Ravi Jay",Charitha Attalage,Charitha Attalage,Unknown,Unknown,Unknown,"නීල දෑස හා දොඩවන්නම්

වළලු හඩට මම මත් වෙන්නම්
නීල වරල මා සිඹ ගන්නම්
හීන මවා මට කතා කරන්

ගලන ගඟක රළ වාගේ..
නිමාවක් නෑනේ..
ඔබේ රූ වරුණේ...

සිතිජයක ඉමක් ගානේ

නිමාවක් නෑනේ..
ඔබේ රූ වරුණේ...

ලෞකික සැප

කාලය කා දැමීමක්නි ර්වානෙට පිවිසෙන
පංච ස්කන්ධයක අස්ථිර ගතිය
මෙනෙහි මෙනෙහි
මං තාපසෙක්ම විය නුඹ දකින
පෙර ඔයාගෙ ළපටි තඹර දෙකොපුල
තුහීන වැටි දිලිසෙයි ඝන අඳුර මත
ඇසට නොපෙනෙන පර්වතෙක
සුන්දර බව විඳපු මට ඔයාගේ රුව දැක
බිඳුනා මගේ සම වැදි සිටි
දැහැන මෙතු කලක් කැළඹිලා
සම්මා දිඨ්ඨිය මගේ අද නතර වෙලා
ඔයාගේ නෙතු මුල
මගේ හේතුඵල
ගොළු වෙලා අන්ධව අතර මග කිමද
ගදකුටියෙන් හිමීට බැස සීලය පසෙක දමා
විදනසින්ව රූපයක සොබා
එතෙර වෙන්න මං ගිය සසර මඟ පෙරට
ඔයා ඇවිත් අද තෘෂ්ණාවක් වෙලා

නීල දෑස හා දොඩවන්නම්

වළලු හඩට මම මත් වෙන්නම්
නීල වරල මා සිඹ ගන්නම්
හීන මවා මට කතා කරන්

ගලන ගඟක රළ වාගේ..
නිමාවක් නෑනේ..
ඔබේ රූ වරුණේ...

සිතිජයක ඉමක් ගානේ

නිමාවක් නෑනේ..
ඔබේ රූ වරුණේ...
","[{'start': 89, 'end': 96, 'metaphor': 'ගලන ගඟක', 'explanation': 'අනන්ත ඌ සංසාරය'}]"
63ba58d032c78dfa3bdd4610,Sanda Mithuri,Kasun Kalhara,Achala Solomons,Raj,Unknown,Unknown,Unknown,"ටා රා රේ රා.. ටා.. ටා.. ටා......

හා.............

ඉගිලෙන්න ඔබ එක්ක ආකසේ

විඳගන්න ඒ සිසිල මා සිත්සේ..
මට දෙන්න ඒ වරම
කවදාද ඔබ එන්නේ
පිනි බින්දු මල් වැහි අරන්...

සඳ මිතුරි.. සිත මිහිරී.. කල මැනවී...
බිඳු කඳුලූ.. පිනි පොකුරූ.. කල මැනවී...

මට මමම වී ඉන්න

ලොකෙන් බිඳක් නොදෙන
ඈතට වෙලා අපි අපිම වී ඉතින්,

නව ලොවට මුල් අනු දෙන්න

මිල නොවන පෙම් කවිය පබඳන්න

පිනි වැස්ස වස්සන්න
මද්දහන තෙත් වෙන්න
ආදරය දළු ලන්න මිහිකත මතින්
සිහිනේ... සනහා...
කිරණින් දැවෙනා..

ඉගිලෙන්න ඔබ එක්ක ආකසේ

විඳගන්න ඒ සිසිල මා සිත්සේ..
මට දෙන්න ඒ වරම කවදාද ඔබ එන්නේ

පිනි බින්දු මල් වැහි අරන්..

සඳ මිතුරී.. සිත මිහිරී.. කල මැනවී...
බිඳු කඳුලූ.. පිනි පොකුරූ.. කල මැනවී...

ජීවිතය විඳගන්න

ලෝකෙන් ඉඩක් නොදෙන
ඈතට වෙලා තෙමෙමු
පිනි වැහි පොදින්..

ප්‍රේමයට ප්‍රේමය වෙන්න

නිල නොවන ජිවිතය පුබුදන්න

පිනි වැස්ස වස්සන්න
මද්දහන තෙත් වෙන්න
ආදරය දළුලන්න මිහිකත මතින්
සිහිනේ... සනහා...
කිරණින් දැවෙනා...

ඉගිලෙන්න ඔබ එක්ක ආකසේ

විඳගන්න ඒ සිසිල මා සිත්සේ..
මට දෙන්න ඒ වරම කවදාද ඔබ එන්නේ

පිනි බින්දු මල් වැහි අරන්...

සඳ මිතුරී.. සිත මිහිරී.. කල මැනවී...
බිඳු කඳුලූ.. පිනි පොකුරූ.. කල මැනවී...

ඉගිලෙන්න ඔබ එක්ක ආකසේ
විඳගන්න ඒ සිසිල මා සිත්සේ..
මට දෙන්න ඒ වරම කවදාද ඔබ එන්නේ

පිනි බින්දු මල් වැහි අරන්...

සඳ මිතුරී.. සිත මිහිරී.. කල මැනවී...
බිඳු කඳුලූ.. පිනි පොකුරූ.. කල මැනවී...
","[{'start': 536, 'end': 561, 'metaphor': 'පිනි බින්දු මල් වැහි අරන්', 'explanation': 'ජීවිතයට නැවුම්  බලාපොරොත්තු  / අපේක්ෂාවන් '}, {'start': 736, 'end': 744, 'metaphor': 'නිල නොවන', 'explanation': 'රස්තියාදුවේ ගෙවන'}]"
63ba597132c78dfa3bdd4615,Soya Awa,Ridma Weerawardena,Chandrasena Thalangama,Charitha Attalage,Unknown,Unknown,Unknown,"සදා කාලේ මා, හදේ වීනා
මවා පෑ සිනා
මගේ හීනේ මා, සොයා ආවා
පැතූ සේ එදා
කොයිද උපමා, ලොවේ කිසිදා
අසා නෑ මා
හදේ ඇඳුනා, හිතේ රැඳුනා
ඔබේ රුව මා

මගේ ගීතේ මා, එදා කීවා
හදේ පෑරෙනා
ඔබේ දෑසේ ගී පොතේ වූ වා
මගේ චේතනා
ඇයි ද ගොලු වී, බලා නොබලා
සිනා පානා
සොයා ආවා, සොයා ආවා
එදා මෙන් මා
දෑසේ ලා සඳ රේඛා
සිසිලේ නෑ වේවා
මුහුනේ ගෑ ආලෙපේ
සොඳුරේ මා වේවා
ඉතිරේවා, සැමදා සෙනේ
මා පැතුවා හදින්, සමාවී අසන්
අඳුරේ මා නොහෙලා ඉතින්
සිනා පා ඉඳින්, සදා මා ළඟින්
මගේ ගීතේ මා, එදා කීවා
හදේ පෑරෙනා
ඔබේ දෑසේ ගී පොතේ වූ වා
මගේ චේතනා
ඇයි ද ගොලු වී, බලා නොබලා
සිනා පානා
සොයා ආවා, සොයා ආවා
","[{'start': 13, 'end': 21, 'metaphor': 'හදේ වීනා', 'explanation': 'බලාපොරොත්තු'}]"
63ba5a0232c78dfa3bdd4618,Radhawani,Supun Perera,Chandrasena Thalangama,Charitha Attalage,Unknown,Unknown,Unknown,"නීල නුවන් සනසන්නම්

රාධාවණී මා එන්නම්

වීණා සරින් නලවන්නම්
රාධාවණී මා එන්නම්

මියුරු හඬින් මා වෙත ලං ලං වෙන්නා

තුරුලු වෙලා මුව සිප ගන්නම් මා
නුරාගිනියේ නේක අනන්ත වු ගී ස්වර ගයන්නම්

දෙඅදර සඳකැන් දහර ඉසින්නී
සොදුරැ සරාගී නෙත ලෙලවන්නී
රෑබර රාධා-මා මන බන්දා
හැරදා යනු බෑ-මාප්රිය රාධා...

නීල නුවන් සනසන්නම්

රාධාවණී මා එන්නම්
වීණා සරින් නලවන්නම්
රාධාවණී මා එන්නම්

මියුරු හඬින් මා වෙත ලං ලං වෙන්නා

තුරුලු වෙලා මුව සිප ගන්නම් මා
නුරාගිනියේ නේක අනන්ත වු ගී ස්වර ගයන්නම්
","[{'start': 142, 'end': 152, 'metaphor': 'නුරාගිනියේ', 'explanation': 'පෙම්වතිය'}]"
63ba5a7832c78dfa3bdd461b,Ran Kurahan Mala,"Bathiya n Santhush,",Unknown,Unknown,Unknown,Unknown,Unknown,"නානානේ නානනෙ නානා
නානානේ නානනෙ නානා
නාතම්දෙ නාතම්දේ නානා
නාතම්දෙ නාතම්දේ නානා
රන් කුරහන් මල සේමා
සුපිපුණු ඔබේ වත බෝමා
දැක්ක ගමන් සිත සැලෙනා
ප්රේමී නුඹේ අත ඕනා
දැක්ක ගමන් සිත සැලෙනා
ප්රේමී නුඹේ අත ඕනා
මල් මසුරන් ගී ඇසෙනා
ගම්මානේ මා මන බඳිනා
නානානේ නානනෙ නානා
නානානේ නානනෙ නානා
නාතම්දෙ නාතම්දේ නානා
නාතම්දෙ නාතම්දේ නානා
සෘංගාරේ උතුරන බෝමා
නෙරිය අඟින් ඉඟ පෙන්නා
පාන සිනාවෙන් පේනා
නිල්මිණි කැලුමන් සේමා
පාන සිනාවෙන් පේනා
නිල්මිණි කැලුමන් සේමා
හිරිමල් හිත හිරිවැටුණා
කුළුදුල් සිත කිතිකැවුණා
නානානේ නානනෙ නානා
නානානේ නානනෙ නානා
නාතම්දෙ නාතම්දේ නානා
නාතම්දෙ නාතම්දේ නානා
නානානේ නානනෙ නානා
නානානේ නානනෙ නානා
නාතම්දෙ නාතම්දේ නානා
නාතම්දෙ නාතම්දේ නානා
","[{'start': 152, 'end': 158, 'metaphor': 'අත ඕනා', 'explanation': 'විවාහ වීමට කැමැත්ත  අවශ්\u200dයයි'}]"
63ba5ae832c78dfa3bdd461e,Kuweniye Ma,"Ridma Weerawardena, Dinupa Kodagoda,",Chandrasena Thalangama,Charitha Attalage,Unknown,Unknown,Unknown,"කුවේණියේ මා කුවේණියේ
මම තම්මැන්නා එනවා
රූබරියේ මා රූබරියේ
මම ආලේ සොයා එනවා

සළුව අරන් ගෙට පලයන් කුමරිය
නැවක නැගී මරු එනවා කුමරිය
කුවේණියේ මා කුවේණියේ
මම තම්මැන්නා එනවා
රූබරියේ මා රූබරියේ
මම ආලේ සොයා එනවා

වියූ සළුව නොම හැරයන් කුවේණියේ
ලාට රටින් දොස් පැවරෙයි කුවේණියේ
කිලිටි දෙපා මඩ තවරයි කුවේණියේ
වැස්ස වැටී තෙත තැවරෙයි කුවේණියේ

දිරි දුන් නුඹේ ආලේ නිසා
බොහෝ විපතක් වෙනා
නොවඩින් සදා
මතු භවයේ මා හමුවන තුරා
ආලේ පසෙක ලා හිඳිමී මෙමා
සළුව අරන් ගෙට පලයන් කුමරිය
නැවක නැගී මරු එනවා කුමරිය

කුවේණියේ මා කුවේණියේ
මම තම්මැන්නා එනවා
හෝ. රූබරියේ මා රූබරියේ
මම ආලේ සොයා එනවා
දිරි දුන් නුඹේ ආලේ නිසා
බොහෝ විපතක් වෙනා
නොවඩින් සදා
මතු භවයේ මා හමුවන තුරා
ආලේ පසෙක ලා හිඳිමී මෙමා
","[{'start': 205, 'end': 214, 'metaphor': 'වියූ සළුව', 'explanation': 'ගොඩනගා ගත් ආදරය'}]"
63ba5b4b32c78dfa3bdd4621,Perawadanak Wee,Sanuka Wickramasinghe,Uma Aseni,Sanuka Wickramasinghe,Unknown,Unknown,Unknown,"පෙරවදනක් වී මගේ කතාවට
පටුන ලියන්නට හීන එවා
පිටුවෙන් පිටුවට ගෙතූ කතාවට
හිස් පිටුවක් ඉඩ තබා ගියා

අරුත බිඳී ගිය අන්දරයක රස
කිමැයි කියා නොදැනෙන හින්දා
තවත් තියෙනවා හිතේ පොතේ ඉඩ
මෙතෙක් ලියූ කිවිඳියම පතා

පැතූ කතාවේ නිමක් දකින්නට
උපන් භවේ පින මදි හින්දා
බලා හිඳිමි මතු භවයක හෝ
පසුවදන ලියන්නට එතැයි කියා

පෙරවදනක් වී මගේ කතාවට
පටුන ලියන්නට හීන එවා
පිටුවෙන් පිටුවට ගෙතූ කතාවට
හිස් පිටුවක් ඉඩ තබා ගියා

","[{'start': 0, 'end': 8, 'metaphor': 'පෙරවදනක්', 'explanation': 'කුලුඳුල් ප්\u200dරේමය'}, {'start': 22, 'end': 34, 'metaphor': 'පටුන ලියන්නට', 'explanation': 'එකතු කල මුල් ප්\u200dරේමයේ සටහන්'}]"
63ba5e5732c78dfa3bdd4626,Udula Tharu Me Ahas Thalayen (Sandaganawa),Danith Sri,Unknown,Unknown,Unknown,Unknown,Unknown,"උදුල තරැ මේ අහස්‌ තලයෙන්‌ වසන්‌ වී වාගේ
මාර සේනා හදට කැන්දන යාමේ ලං වූයේ
මේඝ වර්ෂා ගලා හැලනේ සේද යහනාවේ

දෝරෙ යන මේ හැගුමි ගංගා ඔහේ සැලුනාවේ
'සඳගනාවට සඳලතල සිප සුවදෙන යාමයේ
උණුහුමේ ගිරි තුඩට මී පැණි ගෙනේවී
රාත්‍රියේ ආයේ

කාලෙකින්‌ මං ආවෙ නැත්තේ පහල ගංතීරේ
ඉවුරැ තල සිප ගන්න අවසර දේද හිත කීවේ
ගෙවී යන මේ භවේ ජීවිත ගානේ සංසාරේ
මගෙම වී පතිනිය නුඹේ දිවි ගෙවේවා නිබඳේ
සඳගනාවට සදලතල සිප සුවදෙන යාමයේ
උණුහුමේ ගිරි තුඩට මී පැණි ගෙනේවී
රාත්‍රියේ ආයේ

","[{'start': 0, 'end': 39, 'metaphor': 'උදුල තරැ මේ අහස්\u200c තලයෙන්\u200c වසන්\u200c වී වාගේ', 'explanation': 'රාත්\u200dරී කාලයේ ඇති අන්ධකාරය'}, {'start': 40, 'end': 59, 'metaphor': 'මාර සේනා හදට කැන්දන', 'explanation': 'රාත්\u200dරි කාලය'}, {'start': 73, 'end': 103, 'metaphor': 'මේඝ වර්ෂා ගලා හැලනේ සේද යහනාවේ', 'explanation': 'රාත්\u200dරියේ ඇය වෙනුවෙන් නැගෙන කඳුලු'}]"
63ba5ef432c78dfa3bdd4629,Hanthana Sihine (Bala Walapemi),"Amaradewa W D, Umaria Sinhawansa,",Janaka Siriwardana,Aruna Gunawardana,Unknown,Unknown,Unknown,"බලා වැලපෙමි

නෙළාගනු බැරි
හන්තාන සිහිනේ
දරා නෙත් අග
දොවා සිත් මල
ගොතනු මැන ළදුනේ
සංසාර සිහිනේ


වැහි පබළු යට

රගමඩල මැත
ඔබේ දෑතේ තුරුළු වෙන්නට
බිසෝ හැර ගිය
ලසෝ රග හළ
අමාවක අදුරේ
නොඑනු මැන ළදුනේ

බලා වැලපෙමි

නෙළාගනු බැරි
හන්තාන සිහිනේ

වඩින තුරු සද

දුරින් ඉන්නම්
තරු ඇදුරු පෙම් ගී අහන්නම්
සොදුරු ඒ සද දියේ එන්නම්
ඉදිනු මැන සොදුරේ
හන්තාන අරණේ
හ්ම් හ්ම් හ්ම් හ්ම්ම්..හ්ම්ම් ...
හ්ම් හ්ම් හ්ම් හ්ම්ම් ..හ්ම්ම් ..
හන්තාන සිහිනේ ..
හ්ම් ම් හ්ම් හ්ම්ම් හ්ම්ම්ම්...
","[{'start': 178, 'end': 193, 'metaphor': 'නොඑනු මැන ළදුනේ', 'explanation': 'ඇදුරුතුමා කෙරෙහි ඇති ආලවන්නකම් ඉවත් කරගන්න. '}, {'start': 156, 'end': 165, 'metaphor': 'ලසෝ රග හළ', 'explanation': 'සොවින් තැවෙන හිත '}]"
